match_id,puuid,unit_name,unit_tier,rarity,item_0,item_1,item_2
NA1_5433906625,dleGSwAyBJqy0Y4lyo-xru_UEOwajuXUiYyhbpfvjmjHgeQziJ6QY6CdNmPFA9EoIHePpHp8fkBD7w,atakhan,1,9,,,
NA1_5433906625,mwujS7lBvn0dtUqd2gn9NukxZ7gYBvAA20MpmRatS1l-sAIP9cD2efQBM9Kf6M9RMPSXj4EDthSgdQ,atakhan,1,9,,,
NA1_5435349627,sk9Tmi2CqxaSG9Y282pWpR57clPPXGLlovFyHf9aqDUKRoFWM1Dth_CZrIYmQY2LYBMBwP7zrgQfOQ,atakhan,1,9,,,
NA1_5432168991,mEOFFuSgVsJcu7HhdhREs5IzLO0tJL07MGc89kWFmpQJLjecZYD-d5lBv7cDaIpQKX13UZF6WeaoMA,atakhan,1,9,,,
NA1_5430737381,wp0I-Gp73k9kSPDWYM-cGPXJNH_VJv6ndeyUh5RPSeevc6aBjFv3I17UvhvKGm5vutWOo7pJ6tn2vQ,atakhan,2,9,,,
NA1_5434996056,6NqnviE-hp_uVkUjvkZZYqv6wp8c4FzXcKbQh9KnHDnpZd8iOhPm4DA1rOeSG6SpPLtU2wFEcxUkAg,atakhan,1,9,,,
NA1_5434996056,yjXX34eMP1dmmnKN7zWfvFS_6ahT3N5uUwGY3emj1BxFyiptWFQA_sw-fn1hVI2G54GTE4iHBix-Sw,atakhan,1,9,,,
NA1_5435604868,9BZMrRKwQtuL3pRW3WWPA8SR1i6ay7VYX9FAUwsgypBh60Q3gqThRqwTzP_MCrGb_t93B7ROR7MuPw,atakhan,1,9,,,
NA1_5434702399,Yksnm50RZ7DZrpOjzCrLmuTR17c9tCWgJ23ioFpapTTboMjvBzjMJu32DUh8zkR7hsqZylwcPnvFow,atakhan,1,9,,,
NA1_5434504204,uOMjWQn5zLCbklgutPh1W9plSATmNc8NaEacZntv5uS5gEKkhggIZZK4PX0HrHMMZJkfnclN_-xE9Q,atakhan,1,9,,,
NA1_5434632699,uvSJiToy2NLomJuONe_uBp-4HNBIlHAQ2hk0w7ijPcThG7lwkhu3fYEK0fIRe5aCGz8MbdktLJTP3g,atakhan,1,9,,,
NA1_5434653735,JCINSahL28SjBwHkvRJlYpCMfTl06xLE1bzJYBUMOOCMIeuxPO76Ybwxz3k9UV-D7zBL_y2NYnd4zQ,atakhan,1,9,,,
NA1_5433297933,uSarAY14p2ojBlwVYTmuRCvwXlVcaxlGubSygJOdyWZqy_KpxFRg_MVmmyu-sAH7zgPAcwLtghVFvQ,atakhan,1,9,,,
NA1_5435215840,dleGSwAyBJqy0Y4lyo-xru_UEOwajuXUiYyhbpfvjmjHgeQziJ6QY6CdNmPFA9EoIHePpHp8fkBD7w,atakhan,1,9,,,
NA1_5434889645,Eii_xVEioNjppGjPKSpjZUVoYY72DBbkgYmXC-R42awhOdKV0unOiETmH6c4xqMShw8E660bMxHmug,atakhan,1,9,,,
NA1_5434889645,ldfNsTj2klIjO2a8Zi5rvePLMCpH6idGuSKJSd3_lty2ZRNqR4WslWJR_viOeGCHj1ysjohlwl4TVA,atakhan,1,9,,,
NA1_5432913208,nND_Ixd5fuAki0ZpikzYfFB0GHX4mKA0CnLipNFqp5euiuqmVDpriSBoOv6Rgu50sxXbkSRc32Y4GQ,atakhan,1,9,,,
NA1_5435732815,OymaNCGKZTlsSFzrKnmlDwdplzo5KcHSofxES9dqg3iv217sgf059XQMrRMvfRmf5M_-I6wcU54N8A,atakhan,1,9,,,
NA1_5434047669,7ylt04Vn2d9l1UAOFh2VStfzQhLYl9w9n8sXiKUPiwZWz4cdnpGQE0j2bFjFQMwafqFZbzQGLU1ZFg,atakhan,1,9,,,
NA1_5434763761,ppcXTc09D38R2s37HaUQ-mwfJOQYmRcuob4YJgnXD24QuDduzRdWpihYot9c6rsHLpFKu-AderZh4A,atakhan,1,9,,,
NA1_5434503754,yjXX34eMP1dmmnKN7zWfvFS_6ahT3N5uUwGY3emj1BxFyiptWFQA_sw-fn1hVI2G54GTE4iHBix-Sw,atakhan,1,9,,,
NA1_5434503754,b34BJMtwhgbvnpHeNuxVaPOslHdLwuCkltailv5vfMt_b7Nbmt7y8b_u8Io_ObUK2GLIemUWPaB4AA,atakhan,1,9,,,
NA1_5435358020,DBOW4_JPDVPtREJOMoCLBq6Q58cbqjxvmkUocELNAGcqf72nTP_mMHACXLICo-dZSdEYkbKshe26Pw,atakhan,1,9,,,
NA1_5434182780,IhkCnuGwHOuiPunWtRYtX8jiZ6UPVfxaxbZQklRZLQFiOqHpZOjzholPYBeP9pBXUyl5kGqWjhbeqw,atakhan,1,9,,,
NA1_5433945046,bzJ38oB5yDTiZQFA6W7WXtzwkRK5Ht-KVl-mjSrYMiokqOcPpuFlakr2blq3_UByEm4UVNEiUdeg0w,atakhan,1,9,,,
NA1_5434594295,fuaB2CKnUmqqTcNPSqAOR6U7UmvzYzlB2Gjmce8PHqFocK7V-Wtpa_spqAdlRz9uNjDL3MuBDg8njA,atakhan,1,9,,,
NA1_5432803941,EqKzhtw5zHrVb2kq_A7jduSbTdG4rZEKuT20iNTjZ9eUGeznyqIupQdlVd4q1Q4efevClhBmIQZeIw,atakhan,1,9,,,
NA1_5432902531,1VlU3n5wOT5GyaZ6-UlZf7Wn5LT9t_xKw6oGea8hr6CDyQD5QoeVzMmQhdFM5uWWNaLrK__1GVjcEw,atakhan,1,9,,,
NA1_5433125890,Q88NaH917LbXvFvG_iL8cyuzbv3zRuLsS-Anh0t1yDkaHSFVULu448dqSizWappkKI08WaNiu6_xpg,atakhan,1,9,,,
NA1_5434844528,WaUIgiVe649OCMbNg0ah6FFYyESfBaDjVVCHwr7-_fT1VRUtWIxhVJ6OAyamDWsWoqb7gT3l1AhTVg,atakhan,2,9,,,
NA1_5434844528,v65R1FCIHeufGpyZ1OKOyTpPISzMr8fb29UqZHlCKTODbgsYbl7_56_8YpK1bP9Ohz5buJg-t7_gvA,atakhan,1,9,,,
NA1_5434164343,Qe0XDnIXPtEh0gAtlbxTmZr4L8Edh938MHWKJlkwTSwCc23pFBHcdB3VlYrcTeqOwjJ1rtqYxKeHuQ,atakhan,1,9,,,
NA1_5434164343,iBbBcJfWMsievz0ClV4C2G2xrx5ykGnkDUgavPe7Z6_kE5As0O7dykb3lxHRIMtEUg4i1bDc_FcM_Q,atakhan,1,9,,,
NA1_5434778510,4v9LBxwif3lP5mWNxP4JLprs5FtqH6UcShLMl8ja3nuzB8FvDCCnQ83eKvUH1obp5C0ae6LHJsMJyg,atakhan,1,9,,,
NA1_5434778510,bzJ38oB5yDTiZQFA6W7WXtzwkRK5Ht-KVl-mjSrYMiokqOcPpuFlakr2blq3_UByEm4UVNEiUdeg0w,atakhan,1,9,,,
NA1_5435581246,MtScozxwPtGHOOOyQg0Uzmyt25DvSbEctrqTCtHugnC76pyBNgaiVt1pNvp8cw47aH8668g993R4pw,atakhan,1,9,,,
NA1_5431372820,QVt11eHWQOgrFmhSBE5kb_K3_P7ZEX_kD5ne9QS-F8lGECx1ZtX3AIkiW8Ukor_de6LfiWflhsJzSw,atakhan,1,9,,,
NA1_5431372820,ksRpLmz2oxVfoRWYZjMyoDaG1DVbtAJRyJiu9Ya4JaLQ1lmtwCjLLP3vd_YUciIUHw0_Nz4Tj0MgVw,atakhan,1,9,,,
NA1_5431883463,DxNFaq3bvrSNT5GvK6YkEvPK5FfDWSH_HzZiwPSsxPmTX8q86aPalyV9PPGO_Ut63qVe2u7TljdIPw,atakhan,1,9,,,
NA1_5434869651,71qsbBFwsftvoaOz2bIMXSUAhGNVgJiUvJEBiuuoQr1_Ob_IVb6kNaFKYw1WH5CUBRTHS8cAewCk3A,atakhan,1,9,,,
NA1_5435875323,aUZGeqe7Si9AGIREkeWOjUl9PYP1Dd00Pg0hC0ie5_CJlTczLmEj2dpqSt21l2juiWZTtzFZWGNpqg,atakhan,1,9,,,
NA1_5432672230,qpySrBPHPul2VtJgRN43eYlbFuMkIiZeEwwuODGT6hDEc14o8PrTMkX4QR-HYZyCCdWpI6jIssaUiQ,atakhan,1,9,,,
NA1_5434675447,JCINSahL28SjBwHkvRJlYpCMfTl06xLE1bzJYBUMOOCMIeuxPO76Ybwxz3k9UV-D7zBL_y2NYnd4zQ,atakhan,1,9,,,
NA1_5434675447,JAKw6fAArRY5sIZaE1dYM7tK3ZKvBVIbHguqEtW4o6AmhWwZkFtjSqc-Aow4IawTF9qvEhIob2nWeg,atakhan,1,9,,,
NA1_5435771372,BhHIWvMFjSj7sOqiZJHCfvEKaRdkS4_x2so_NqLxecP3igKaWHklnzTUAdG25PjXGSFXuyU6-LjEXg,atakhan,1,9,,,
NA1_5434746100,WBGiGrJC-2NdjP3jlRaAidIUOkpETbf2cCTUxsu_tChm7hdZjVgH-y5nv7vh5AgtpRLc2TTQbaVrcA,atakhan,1,9,,,
NA1_5434746100,RxoaLODzFoufu3ntUZBKlptzx1cNs3wiZaCmge64RhrVtCuU6snCJSTdBkTL7BK__8A6RY_RFLmL9Q,atakhan,3,9,,,
NA1_5434031256,0fDNh6PSiEBRPFafUE4vTYJButOgrVWPidSpQHYu6jYERw-XBzdjo828ffOTDol2J7PEtyVr4Kp2XQ,atakhan,1,9,,,
NA1_5435833685,jFA8wXkTmqftjY08-6JVm7YLa-1S1mQ3nDc0EmntxWhe54L4fAkEOHUOhJGdt6Rk0HRBXP7peln26g,atakhan,1,9,,,
NA1_5435833685,4FFyjSfHScVuxIgHRg2jiPoQrTOkhXKXE_Hz1HtMNmLf2_O3oonxuboMVjr44XsyyKhfR7NElA1bhg,atakhan,1,9,,,
NA1_5435051022,0XDrr4BDQegF6nZ0aGwwG2KkJ9h8AkAkWAVM7JgtVdJa0GBZ9RCSy0YsmPyjJtI3az3d4__jGYuW8w,atakhan,1,9,,,
NA1_5433821842,coyQD633SBqjci7XcYBlj5Uw2j0GdIc7Jy_gqThw5lbbfWA4wfWDBkrNQXFYA4qlKWD6-3bBl9y0mA,atakhan,1,9,,,
NA1_5433821842,Vpi4zBX31i4Y4NIHxuANVS9m-qBffOPw0J-7Yl_53zaXNpXhpEu3tBiTlTsfWnifLETwCupaeHJOnA,atakhan,1,9,,,
NA1_5434765181,os2XidA2_zFlV6BstPcihSVQLAqNJV488e7BsjLnx7MP3xyqiFZOLAtPFPokUjImYovjTn-rZnql-w,atakhan,1,9,,,
NA1_5434836637,5WLpm7R4ldJn2m4HQHDNQNKYhaf45DDdteF8QNQT3Wh_Vl6Jfesm5Kr488bLAhpA1WKrt7AIeg9H-g,atakhan,1,9,,,
NA1_5434233486,t4EVjQYURk1GRjFaqAj0jXemn9Xdb8unwWueGR1Pm9XZM5Ev1yJcTQIug0JYnmXFK-5zLGYNIqVLmg,atakhan,1,9,,,
NA1_5434238675,VARWOl1Z4yqoEI3MXt3uPfrC41dTIzp7Jv1xk-oRCvsPTUN1fP4dcr7xsp0Y0zP9deHEcgLvphmr1Q,atakhan,1,9,,,
NA1_5433533961,jT-QQgHSnCP6gIXcu_OvK-ZqHw0ltCM6OGq_CsmUzy4K_PvjyUz5fL1gNAoTSt-ceQ0MlloHOjUxEA,atakhan,1,9,,,
NA1_5435473910,a0G4WeNypXlfe2XavI3It4dzM3BhiTyXU9q1yd4gK5vRAO3p2XTmiC4w8_RVhMuGJwCaFW5qjpfFnw,atakhan,3,9,,,
NA1_5432612057,bl3ogFxqyoIwYWezwF6dGBgscI-ntsNzD1yMncu7CBVgAv1tE9rndgHEKJ4Gqf3fYorTsIvUvgHtqw,atakhan,1,9,,,
NA1_5435209480,P7BBMS3uGugdWm7FHr9flYZDwKiK3nWHEHMVNXH5GrW_KeOqVfeANSBurPvGVxcqfm8t2Zf4IHLRgg,atakhan,1,9,,,
NA1_5431573461,1Wh-WDrtJPEbogLGfEDws0yDfwvWFPt5Q8c8qvEnee-iXUj3ujLvrE_oScwQiTmml5Eqd4ON2mIDng,atakhan,1,9,,,
NA1_5434764102,4nCnwUs1CSCcylv3i8RrVt6yTmjKVSqcHXWDGH8JtJDLXHMOaSp50onP0UdEqbURwZFVKnzFb7FLYQ,atakhan,3,9,,,
NA1_5434650046,pjOOh9T-WrIoNzNNUOk2xeeZq9Tx1A5GnRHifftdB0L_im1wBDNzqkfDaNOGhNr0MTb52qlKWj4rEw,atakhan,1,9,,,
NA1_5432937937,7y5tw2Rz9x37Uawd24VFYM0I6lKc80kKztCBOaAPyp5wFV86K00x_NbNxUluOKfs8Mnir7JSuFWIkg,atakhan,1,9,,,
NA1_5432592007,omY8PD4O5i-86XbDWCawARIVjXUgHwIgKGZ-LPbH2eNGbY1aC9Vb_JxJnmYgtqFpGQFPO86C3C7f8A,atakhan,1,9,,,
NA1_5435090706,zB51L6ekYMZol7IGUdGD-ZSSn1xtbMKv22un5x2vIeMA3SBRiZtiLXPlHVQ_eWs-K8T40Fo_mxNi6w,atakhan,1,9,,,
NA1_5435207308,seTyYzwXilFTTWOCHxZ7HCR_TXzt44d8SRVv5_wJuNoaPQIF6ZBkB0e-KQw-tCcgkJumFtlT1_OSrQ,atakhan,1,9,,,
NA1_5435207308,b34BJMtwhgbvnpHeNuxVaPOslHdLwuCkltailv5vfMt_b7Nbmt7y8b_u8Io_ObUK2GLIemUWPaB4AA,atakhan,1,9,,,
NA1_5433821679,Jr3kMeVtYfYc_NRkTdqzd1haCgyDZBl6syTZN-P7wzFoH3hrY72hbP3QARwBz-wTvhMHKNGVAuAXMA,atakhan,3,9,,,
NA1_5431935616,txIM9hZooNk2bFXr_5Fxn2FxVnvyv6NcMBt0_MYFdb_bAvmDsTuXlnGO8qY3FE-gq7zF_rdZTYucZw,atakhan,1,9,,,
NA1_5433879512,7QqMA1mE_02dyJwLgK940bDg-gHl-xa5GMmtyOGffhWXZVlMHmQhs-dPjOJGft3CpED9iSlN-mBB1A,atakhan,1,9,,,
NA1_5433983584,IqYjyAqHirUH-Dpqu5kk3PCwOvWu3wxNdFYmLSvvXK9RuvZpxUDp36Fe0sGO1xJ0qUN0vRGKwaHBNQ,atakhan,1,9,,,
NA1_5433983584,PzAllVgtGYmqFjFN9vxAr28LxD-e4_Exw8wVqRhbfntesM0U4je1s6e2udNo4_L_B53bC1rEgRUiog,atakhan,1,9,,,
NA1_5435078267,fmjoqQKrDmFAE8zM5Fovj_-wiJANRDl7cj6GRq-EDOnCAZSpgosLLLi1rfM4gykIKntN0u6doIGcZA,atakhan,1,9,,,
NA1_5435620843,9BZMrRKwQtuL3pRW3WWPA8SR1i6ay7VYX9FAUwsgypBh60Q3gqThRqwTzP_MCrGb_t93B7ROR7MuPw,atakhan,1,9,,,
NA1_5433159569,IC65XUEYWbr4pXH2JG_w6V424iQCscRqJveOn5VGOmViUUauQNFaBiJxH5Gah-Bo_58_ELCzDY5Teg,atakhan,1,9,,,
NA1_5432483734,exnihPwVai7-PMQPQXWxoRpaqPWMh1XUom4kGZt-h8nLfCGwEcZEi4yNNbwCNMUa0AotBN-SVJ30iQ,atakhan,1,9,,,
NA1_5435344998,CyH0SjuQ-R-OzfdhSpToahn9EtQ4EnubQfY645rb3T3zrGAwpkZh7KQWQTzNf3rTVgB8zldnHwcCuQ,atakhan,1,9,,,
NA1_5434938176,BrqrzjBbek6lvFABYtPEEP1y9NNG6SnLqSnEjbV2r86_OcZCJNp21d4vX1D2UkQc5qNDom_4UIVTQA,atakhan,1,9,,,
NA1_5435565270,ojF7zCVE6wV7jCKYtrfLuBBsoOjKyugm2l0MzyNnWIYHYKyky4XCKtjZlKG5lAH4kIIfvbvBkJ4jXg,atakhan,3,9,,,
NA1_5435688213,sG-L-tBEsKUW5pwlyGS-j0Qq7JRj2II03Rrw6m2nh9FykwlQNQtBYe1OA5C5TUUWJGU9Kqmw8SHGGA,atakhan,2,9,,,
NA1_5435649022,QowXt4E-u8O-eLIDLFECOkczuZEYSxSm2gueGmcpHKmEnvuHn19MbqovE7FHYZtukKuG_fKDtE7TTw,atakhan,1,9,,,
NA1_5435728346,2k4RI1HQOlGhFakmhQei5ffIVlKIMvMwfbeUatAYvTXb3E_NVqIh5mzhULZjtO7fppEoKNSXcOxxiQ,atakhan,1,9,,,
NA1_5434964136,97_PWX_sUxP_jfjyJzT4iWzdicYqEXQL6xZMBwGQIFGiOFoK8JuqOHY9sp_kD_cAFDks3oyO3s4XhQ,atakhan,1,9,,,
NA1_5435161109,3OGj2JebOjee6QYSd2YHaJ9wOqS8IaD4PazG5FAX1yjB2YrfGcPbPzptANTab1hCR2B_0ErtqmzZGg,atakhan,1,9,,,
NA1_5434102199,pZtPOMWhcRhD-Er10262mKtQktVdRuVMe22l7UOBZb-K9vyG_BXP4LMtwAgtsYZH48BDRApjV8Qbwg,atakhan,1,9,,,
NA1_5434763307,nfvOAPM8IeFJkmRKvw8MMFdD1xhI2aj97fGf9Pb3woCn8Jzxp4WRB83EwfyRpjWb54C_lz_gygJmsA,atakhan,1,9,,,
NA1_5434865107,FSpJ1j9EGrN-cVVy-L75v0qGvcch7uiuE37qqVVU8cJZEwN1ljsoxZDUaaon_naSIp56_Nrq62r1GQ,atakhan,1,9,,,
NA1_5432819402,85PyKokU89nKCj2PodAfhuthbrSVPRKQ2sXv7nGyOcx13oio9-cyRLWr7l72l5VovYe6qyldkUyPrw,atakhan,1,9,,,
NA1_5435458945,Y38vOBYGmiQlkgLJgxw5jPMeXeTRReAm2ah1OJo18JUzK1KhXsTWdtc0rOhBJk7n3-llD3xtKKvsMQ,atakhan,1,9,,,
NA1_5430956653,O4OemQSdDI1eN1oFGh772FE13YOXN3foq2bGcc-MuLe8o_qpYuAyvwFG0x3aUqpzARF8TI0X8tWBXA,atakhan,1,9,,,
NA1_5435143490,Nw5aEx9p2Z78Fhc0Soth8IcXrcIEV2fBqkp5PwrMa9B7O17QdoNYgoG91FgfYtK8y13k6aX9j_ZiSQ,atakhan,1,9,,,
NA1_5435120150,Br68EIvAlx8LcdNSCAuRSozkT_TqYTgd6pdrRGcimKffk3Pyj3ktCGh7H3s6uDqirzvUl6VS7lBz7A,atakhan,1,9,,,
NA1_5435204636,r4kpmF9hsdFLI1J5E1nK5jkiSURRzL56LjZPPhe55zmrMC2V7ReQZikrzFXrEICyokm2ow2sWv1OYA,atakhan,1,9,,,
NA1_5434137002,Tu_PiW47rZqBZlmuN51Db6n8hA86yvfqJ_0w5T0jKr9jZ5pr0dA6U8h-_Zhk5bsazCbnlWGU7kPcFw,atakhan,1,9,,,
NA1_5435616120,cIU4YgqAUfZdsZVYzRQyjApYAH-zbESIEJ2mhx7VNyVShlBNl-fefqOyasaXpuycFQhCYVjgQa_rtA,atakhan,1,9,,,
NA1_5435466115,rhfp398Ms06EZ6al7AppAfGl8GuE8oLfC5Y1VcZgOVgvMOP2McIs3bUQvWYd7NkLs26_NDEvJQrqDg,atakhan,1,9,,,
NA1_5431443731,GAee3AvnsgJmbeWwogq2vakb8wPnxiWgUKIGecNfcYXqy79u-ev1aEZCesmk-j4nG3eT2VElrkR3yg,atakhan,1,9,,,
NA1_5433690417,CVhmAugPVr8ksIPz3HSx5FifFOu23xmRDJJ-8xujE4El4i0bFEl-ZbClMdZMj5b3QpXlP8O1MJGwmA,atakhan,1,9,,,
NA1_5434789764,DhpWnP4OD_kefOo7LJGvxTI534gD7YXcLhd178ZR_uVps_OXz7PDlo4vOif8UCbK5s-IvQIiCJ9adw,atakhan,1,9,,,
NA1_5435963823,IqYjyAqHirUH-Dpqu5kk3PCwOvWu3wxNdFYmLSvvXK9RuvZpxUDp36Fe0sGO1xJ0qUN0vRGKwaHBNQ,atakhan,1,9,,,
NA1_5435963823,MtScozxwPtGHOOOyQg0Uzmyt25DvSbEctrqTCtHugnC76pyBNgaiVt1pNvp8cw47aH8668g993R4pw,atakhan,3,9,,,
NA1_5435857208,f6UVdYlcmiWYMubzh-7Py3M9Kz7OrndKiBvrRuKjSR2qPNb_PuNNhXds9lj4HxJdw-ycttU5UUkwsA,atakhan,1,9,,,
NA1_5433845104,EEa3ELsDQN65E-mwoQaEWAngSJytTbMbcEXYmfobm4YJ4bg8IbxfwW1DveJVFC2ckR5GlC7-U3I4Yg,atakhan,1,9,,,
NA1_5435659920,jeKA7nfjtdiCgcHtVMU4kBwcx2js7RDez4ElYY4iq5ALpj57BsyTNaZOd50fgXJfqv-bpXfv526qxQ,atakhan,1,9,,,
NA1_5434767607,gB3-KcOZCz_Nqa5rfYVBt2d89RQaw6TYqVOBsZx8r_6FJsVcayuHW8hskszGAbIO4j5y_ls2J6ssKg,atakhan,1,9,,,
NA1_5435592037,x62KCE8V4Mj_r1E5AMp5duAfyVnUOyLMaAO-kPZBDS91FldHvgGvi26-p9PYuvDDxclAPwf3mOVWfA,atakhan,1,9,,,
NA1_5435429153,LAx0Rg1498bEAmcEFaQ0kkSZydoI-X6z8HsKexvrC73zGHT33PWGztQGUgWTD3yBF9uzcM06_VmcgQ,atakhan,1,9,,,
NA1_5435551283,O4OemQSdDI1eN1oFGh772FE13YOXN3foq2bGcc-MuLe8o_qpYuAyvwFG0x3aUqpzARF8TI0X8tWBXA,atakhan,1,9,,,
NA1_5435853898,NrqxXmdCBvi3hzbaVGY9CKmcJHj433QGswLw9dy-S9gSE3fU4Fx9fjSL6vdRFGaQJqOFjdve722PZQ,atakhan,1,9,,,
NA1_5434909503,BJFig8rlF6k5xjQul1K83QjxPK2BTCf2U-JT2IEZ4XtB3LI5DaRlBuRmR3UWUXjL_kwgqICaBOLHxQ,atakhan,1,9,,,
NA1_5434143705,QNZY-eqJ3xlICXz4ThvOwgpIYX0vtJ6cAZ2OverJyimQyCg3EUuHimruxsvVdKq4kHiyzmfknT7XdA,atakhan,1,9,,,
NA1_5436161490,gWH_4At6sBchqJVcFHCci3U1wgaKFihPhCr-sEaC3Y8UsiD-WMWNWb62_pRNU-gebXyiKZPpeNRvow,atakhan,1,9,,,
NA1_5434800657,tu6WwFQgqJHhO2-coK2NkVwrZ6hdpLvs8HQHg6yBHbjfwKQ0onwr5ppNcbYUPD4lrHNtUrzFSSZF9Q,atakhan,1,9,,,
NA1_5434866878,TRvkcIk2X5x2YxNsWwtqPIvskRRmMII_AlXWHl94Dd_oHyfQmq6LlFmduuKW1TaoblIh3693phEwuA,atakhan,1,9,,,
NA1_5434908806,u57zbch41cRaPs8cu61yJ1v3XwFmo4GK6cwmmY_Hqpv9VHIBapt31JYxXUoZ3NCFrnuKiK8RwgVyKw,atakhan,1,9,,,
NA1_5433924870,LLOqb4Aut2RscEvX535_t3hkF0tdJau4PvcF3wLwekYUP-mGX1aMIV3urDyF8W4kbe1lqGL6uS3KJw,atakhan,1,9,,,
NA1_5433924870,ocSLfQKq9xDQYPbZ7FFOlrQZCW5cyoR3kh3Be7l9nyqekI2vrFLaZwVNOvfPH_zKxmYOE9vcMEWRFQ,atakhan,1,9,,,
NA1_5434752089,rNACFMtMAO5Fks3uVAWFf8tfyPMhQAbBa5ZBpH-pBYb8AN-MKiRktsNXYYBMhZOjfENMSG45VdoDhQ,atakhan,1,9,,,
NA1_5433798113,i6ZcOpA3R_udRReX8b7sLgSxVi44fxvNvLYHCxkY2s2jx7jOfm4R41lQs1Fi251PEBmfiUAmXWvvAg,atakhan,1,9,,,
NA1_5435578195,0XDrr4BDQegF6nZ0aGwwG2KkJ9h8AkAkWAVM7JgtVdJa0GBZ9RCSy0YsmPyjJtI3az3d4__jGYuW8w,atakhan,1,9,,,
NA1_5435630301,bQ99LnOz2spi_s7K9B08p9O8ySOgcMpPa59E8Vrn0oYmbTrkiJTnGI7Ni_XhWmOF0RXsIQWDnUnG2Q,atakhan,1,9,,,
NA1_5432633967,1Wh-WDrtJPEbogLGfEDws0yDfwvWFPt5Q8c8qvEnee-iXUj3ujLvrE_oScwQiTmml5Eqd4ON2mIDng,atakhan,1,9,,,
NA1_5435199582,8AEzkT3k109p5cal8crHmI-l7n85lHe6BojOfKICPQbynxQcBag-xeBW1f2O0Thr2-DCbnm_lNturw,atakhan,1,9,,,
NA1_5436104800,Zgl4Af_G8dPJ0h1k4h-X8nCBN0WiRv1xzAQWkTH-yDgyk4GkOsL-f87_BkKT174H3ZH88swK8t0arg,atakhan,1,9,,,
NA1_5434165524,aA_WeIB7ZrE85xtLOrEdRrx3YuAvzplZADJcyBAAr-oaSxl0HR7YOe2_ZA11Eg7dPB3MN8Tx4s7bWw,atakhan,1,9,,,
NA1_5434776201,97_PWX_sUxP_jfjyJzT4iWzdicYqEXQL6xZMBwGQIFGiOFoK8JuqOHY9sp_kD_cAFDks3oyO3s4XhQ,atakhan,1,9,,,
NA1_5432574406,IIICfApMiaLRNdGVr031nARVqOo-b-DdcXCUAMIWXFv0K5JWD2v8e-X7Jt8YBUMUUgVvyJ02yFNQLw,atakhan,1,9,,,
NA1_5434804439,dleGSwAyBJqy0Y4lyo-xru_UEOwajuXUiYyhbpfvjmjHgeQziJ6QY6CdNmPFA9EoIHePpHp8fkBD7w,atakhan,1,9,,,
NA1_5433600306,QLJldtXKibTtiBoY2Vhg8KghA-ogptq4pqhv92sUJAxNAtvL08TYg7c0_4DEetTJ2PkMDcpsiMoq1A,atakhan,1,9,,,
NA1_5435632845,aUZGeqe7Si9AGIREkeWOjUl9PYP1Dd00Pg0hC0ie5_CJlTczLmEj2dpqSt21l2juiWZTtzFZWGNpqg,atakhan,3,9,,,
NA1_5434518103,exnihPwVai7-PMQPQXWxoRpaqPWMh1XUom4kGZt-h8nLfCGwEcZEi4yNNbwCNMUa0AotBN-SVJ30iQ,atakhan,1,9,,,
NA1_5434757858,QykO9i33zQCKczKGf8w0fM-4I5IT37z8POlYGxMA-QL7VPpXYB7IZGiDVrGPQ8eAnlxlwMISvs1p0A,atakhan,1,9,,,
NA1_5435523539,KtAJPnkX-InW3x_v4cKCXH9eqeQjukfwrxU3Hno6MfM_uf2skap5Gr5UXmhTwC_EvkihyvILwSBbVw,atakhan,1,9,,,
NA1_5435698290,6i98ybD91rHj4gtGfkG9CpuYNyO86x2YZEFgSWrYMdb2Hjt1uuI6D5HcmUpZbOUNCNtpGuQ2gPtUPA,atakhan,1,9,,,
NA1_5434172609,tu6WwFQgqJHhO2-coK2NkVwrZ6hdpLvs8HQHg6yBHbjfwKQ0onwr5ppNcbYUPD4lrHNtUrzFSSZF9Q,atakhan,1,9,,,
NA1_5432963445,rUXFepm-cYrGoIAlLNvGdW1p6y72zCM5nmORltlBqapCxdj0UnCJi8bOrUhlQZ3AV91FzcZ2iH6p0g,atakhan,2,9,,,
NA1_5433948751,7ylt04Vn2d9l1UAOFh2VStfzQhLYl9w9n8sXiKUPiwZWz4cdnpGQE0j2bFjFQMwafqFZbzQGLU1ZFg,atakhan,2,9,,,
NA1_5435186773,aFgXhHgoWoesnSJvbwWmSSpgwogNa6pcPKvbkF1lTzgWM9sV2ZSyioNz-F3QyO6Uw16IiDJFwODNng,atakhan,1,9,,,
NA1_5434286627,aA_WeIB7ZrE85xtLOrEdRrx3YuAvzplZADJcyBAAr-oaSxl0HR7YOe2_ZA11Eg7dPB3MN8Tx4s7bWw,atakhan,1,9,,,
NA1_5435277744,Bhi-gFBZcHOaPIrHOXr-k-I66wXfYyDIT5f4FLF4PP5TfOpQRKPjokJyXX3EpygLS6QsASbOL4ftJg,atakhan,1,9,,,
NA1_5435277744,LoNzwwGg1USDDwp2P5_G0TYtbc3jfMPH94JCOvVd2QILOg010DBkpkKAmHwt8LT747EHK0Kdvr9Fsw,atakhan,1,9,,,
NA1_5432296561,MKxnC4-xhmJ3ZnGtqRamd3lQ4NugfSsFKC-_xh_JQHkzDEooh3vG3jSqFp9E2Y4L7lUrreHxbTB6vA,atakhan,3,9,,,
NA1_5435785021,eiJ4y50BSh4zKFlwvev5TJ7FriGNzamTNy5e0TaMEp1FHa8mGbcJ-t2hWbjl1W5CIK3Y9pyIZbBRtw,atakhan,1,9,,,
NA1_5434603385,jee9qx5LdDVZp_4pdOizE9T5YgtuskpmGrkP2rYlh2z4ORNbwGte2faSvTHhVXETxTaAkAU-An4Q7A,atakhan,2,9,,,
NA1_5432881539,QVt11eHWQOgrFmhSBE5kb_K3_P7ZEX_kD5ne9QS-F8lGECx1ZtX3AIkiW8Ukor_de6LfiWflhsJzSw,atakhan,1,9,,,
NA1_5432881539,0XDrr4BDQegF6nZ0aGwwG2KkJ9h8AkAkWAVM7JgtVdJa0GBZ9RCSy0YsmPyjJtI3az3d4__jGYuW8w,atakhan,2,9,,,
NA1_5435045447,8lqBEYLur5gzDJB1CsFykKycyVoF8aZYQI-i14FQp6teJLl3eKQTHV_9L80M1l78WS4zRkX7VsluHA,atakhan,1,9,,,
NA1_5435015520,CJ4ng3p90_UqSHw7DvoTkU19fyUFauJbezRUU4r_DFykT7wXGabBHMLMYM0yizHbiCQThKzvRfgdjw,atakhan,1,9,,,
NA1_5435015520,2xFsKq6q4QuDnqrDRoLR37-2sWDtG5zZNWAAQqeIBoJGyJQaDeQIl_yGX9wpyHnCBuqiKbIClDEy2w,atakhan,1,9,,,
NA1_5436051974,QLJldtXKibTtiBoY2Vhg8KghA-ogptq4pqhv92sUJAxNAtvL08TYg7c0_4DEetTJ2PkMDcpsiMoq1A,atakhan,1,9,,,
NA1_5433880946,ZDg9ukfbSieL8Q_F7RSHnzXVeGkmv38y25AuugU4jf88g3GCuLNqSBV8wH3jqfy1_hg997j6lXqX1A,atakhan,1,9,,,
NA1_5433051109,mwujS7lBvn0dtUqd2gn9NukxZ7gYBvAA20MpmRatS1l-sAIP9cD2efQBM9Kf6M9RMPSXj4EDthSgdQ,atakhan,1,9,,,
NA1_5433051109,p6opKinNlnBidkllbO7HX-8w7ODqlXIyhTfWIvrrIV03bBUmegKfpb6Jd6zxuZZRH26TaH0aNGZ3vQ,atakhan,1,9,,,
NA1_5432642453,hsI_pxMulVxB__7a5JJMWs5JQObhnqF0QjRGpT-UUUqxoNB56IYFu20HWnSJnfbim_vexJsUP3PbEQ,atakhan,1,9,,,
NA1_5432642453,Llro-PisSK1AhUH2bNJILtKQdpt3saczNSGq4D3qoTXfAP2ubufarSEYahb2t9nl-GWbH25HgZo8lg,atakhan,1,9,,,
NA1_5434553825,jRVq8Ay7BqTZ9dD0jSODCRQ5Oj2xmYjOl0e2L2cM0XVSwpNJbOaoFL81wVVnH0d7A3XU-yBJRlPu8Q,atakhan,2,9,,,
NA1_5435627333,77i7daN1wDKYqsLG72RxomGK0Yl2NckXBIdFlWBJ90NygYzU9PYE2sC6FHsZkofqO3gS2IKwqHlwZg,atakhan,1,9,,,
NA1_5433743888,UGRspnxbXv67_TvXWRqO-EIBe6Luk3JW_99jlbVp4GaGXxRXc_QVU92ohiumhVK7UznDaqpds32R5w,atakhan,1,9,,,
NA1_5434826929,AOqznPJIznpyw01pcrm1R7ZVPmD6Oazmazo3kCuN_X_PcuOfSRSHO_z0Qglftlo6cVgSIJxVtgU8ig,atakhan,1,9,,,
NA1_5432877894,nND_Ixd5fuAki0ZpikzYfFB0GHX4mKA0CnLipNFqp5euiuqmVDpriSBoOv6Rgu50sxXbkSRc32Y4GQ,atakhan,3,9,,,
NA1_5434088257,QpFXf_Hk_chRV7i0Hg8J8f8DITPIe-MFcnz0qlQPVym-SErPrd7VJKdmiPePy3B6NRsgDrsd_xeFIA,atakhan,1,9,,,
NA1_5436094585,aFgXhHgoWoesnSJvbwWmSSpgwogNa6pcPKvbkF1lTzgWM9sV2ZSyioNz-F3QyO6Uw16IiDJFwODNng,atakhan,1,9,,,
NA1_5435047987,seTyYzwXilFTTWOCHxZ7HCR_TXzt44d8SRVv5_wJuNoaPQIF6ZBkB0e-KQw-tCcgkJumFtlT1_OSrQ,atakhan,1,9,,,
NA1_5435047987,eiJ4y50BSh4zKFlwvev5TJ7FriGNzamTNy5e0TaMEp1FHa8mGbcJ-t2hWbjl1W5CIK3Y9pyIZbBRtw,atakhan,1,9,,,
NA1_5435728977,N84xr4sdUdAzXAR8uPvSfN0U5cL-DKxgTYnKUuKbZdUQU5FSg3k6cB58zv-WixR8bxtDiKudk_ShxQ,atakhan,1,9,,,
NA1_5434955627,wPkgR0BqY1u9lSGoyUdWRn6C12b2NRX9NKJAbmNSrQ41olf5N1hh3T_dGHXN-rE1SFPsojAlr3JZew,atakhan,1,9,,,
NA1_5435444584,47x_lHW3_iV4mTDrYAia78HTt3hrpUOc2x54v2TgtR1Ky5y4AWe9kYvZOso_Oh7CXTteq8nNU3nLyw,atakhan,1,9,,,
NA1_5435132527,7ylt04Vn2d9l1UAOFh2VStfzQhLYl9w9n8sXiKUPiwZWz4cdnpGQE0j2bFjFQMwafqFZbzQGLU1ZFg,atakhan,1,9,,,
NA1_5434345786,8Sa0vq9Eby9jShm4yTeqI39itZO50svYP4tJgepsvm8l3aYGujN7GnFegDLQVcb8gYAb2VLqOR3tGQ,atakhan,1,9,,,
NA1_5434682207,DSwvt60JAQXXvuinXjBazK__ySOQd1XjuD-0CIlkK1wiw-nrxltHv7ilcuk-JLSQvwy2SZm8R3mCjw,atakhan,1,9,,,
NA1_5434996692,UaFNtDDKgDACn8xPIJyHiQBVOfnnWipr1PAsO7XbrTqCy4hawF31uIZf9Rcn2aye9UbNebiXnKzSyg,atakhan,1,9,,,
NA1_5434996692,F2BJWqwzcYrl2CpKxUrtbt63kHp0PMO1sRCMNxJIPnSj2x1freWCIuKoTXUgfC7LWha0Jb7G9vGjiQ,atakhan,1,9,,,
NA1_5434996692,5Pb1LmygIDnxyRywB1RRytHmAn8gVG66qeHKjIHBZHcdH2PZ66Idf-ipRbh3r91ZPz4cksqAuzIvGg,atakhan,1,9,,,
NA1_5433250012,7ylt04Vn2d9l1UAOFh2VStfzQhLYl9w9n8sXiKUPiwZWz4cdnpGQE0j2bFjFQMwafqFZbzQGLU1ZFg,atakhan,1,9,,,
NA1_5433250012,ba6DkTi6yQ6_ER-rxe0AkAAqoEaQNupQ519C8y6QkhkNWRui5KvThqVkTjKXTlyqTPW0TacC41ki1g,atakhan,1,9,,,
NA1_5433130200,DAfEmsEGWIGWNGbQ_wfBShtjnuwg2ZzL4n92wq_wTFZ7mWh0vGfWJMuxdICCJx6n6kMeBwf01SRibg,atakhan,1,9,,,
NA1_5433369676,QLJldtXKibTtiBoY2Vhg8KghA-ogptq4pqhv92sUJAxNAtvL08TYg7c0_4DEetTJ2PkMDcpsiMoq1A,atakhan,1,9,,,
NA1_5434098056,PQsu1BLhLKgypyRIe2FB_Ljcf-FhfYHo4G29evuAD-D9VPWqmr_T9upNRzwpmD2x_8jU39iQ4xGC_g,atakhan,3,9,,,
NA1_5432811140,6-5gF-paUe4jM9WonWQcSasJ4SsfBgyrUVoqm_KID69Atu6k9PHa-sggELrFGmxUnbaIknyP_LV7rA,atakhan,4,9,,,
NA1_5436047463,Joo7ePuUs-PKzSSNoU1tAMwKoWqIVySpuhrXtvMd5J6pJIrU7ezT4w6yGZAyPtWF5BF4vUTI72MQLg,atakhan,1,9,,,
NA1_5435316699,Nw5aEx9p2Z78Fhc0Soth8IcXrcIEV2fBqkp5PwrMa9B7O17QdoNYgoG91FgfYtK8y13k6aX9j_ZiSQ,atakhan,1,9,,,
NA1_5435870360,7ylt04Vn2d9l1UAOFh2VStfzQhLYl9w9n8sXiKUPiwZWz4cdnpGQE0j2bFjFQMwafqFZbzQGLU1ZFg,atakhan,1,9,,,
NA1_5435141199,U9DvahgukdkSXkMMebWda2xAFOz_kyn7r1A9d2_Y6T1WaQWTkRqfId_IZhKcvCPlftTS-Iyuuhy8QA,atakhan,1,9,,,
NA1_5435099029,Nairl52L-T-8R765fr7JAtkgeBDkSWBFVORZpUa8WYmOL2YZrXqQ-569LEMJVDRl25ut7bMX0-4Z-w,atakhan,1,9,,,
NA1_5434757291,UVLihvGHyUymikisyXSW2_5nxuprhVjCcpjFq5m-kgVUBDuFiOMoySzAsQXfD4ybsuq7nmPjMSLjNw,atakhan,1,9,,,
NA1_5435830895,j1KVBJUaFKB1Ss74AAydJ5vtnomwzZbIsJVgK6-lLxk0a4gq70Dg3-qEOS_c7rpnFfYRAmgv27O--g,atakhan,1,9,,,
NA1_5430401822,q0kNIHdC0R5Ks2Q5PQFYi1CjFVxn7xfBQcKVDlNKktA8pP2Fdj-W5vsWGXbEzPvAULKtZatK84qW_w,atakhan,1,9,,,
NA1_5434025516,EtC5BIy4VCPFiiX3S77sRvflbDcWXP5SvPEIsT2CmPL7eM3KeKyWXFfzoxmEipEiMtbgCrLQAUkd-g,atakhan,1,9,,,
NA1_5435075209,UaFNtDDKgDACn8xPIJyHiQBVOfnnWipr1PAsO7XbrTqCy4hawF31uIZf9Rcn2aye9UbNebiXnKzSyg,atakhan,1,9,,,
NA1_5433976930,RWU2PkjchdPp9A9mM20p7fhWbwIaUfgSJ61EI1LSiFtVibFblUBCT1aJh0_xkCVW_9N9zQD0aCLxXQ,atakhan,1,9,,,
NA1_5432584602,bV6lW1Qtszzriw1W_YRC6JPAD5KG-t-6Bt6tmJXIE7Kl5Di2GmbC7ZdBZ-KgLeuesFzDZHo3xYR_BA,atakhan,3,9,,,
NA1_5435112661,0XDrr4BDQegF6nZ0aGwwG2KkJ9h8AkAkWAVM7JgtVdJa0GBZ9RCSy0YsmPyjJtI3az3d4__jGYuW8w,atakhan,1,9,,,
NA1_5435736237,dleGSwAyBJqy0Y4lyo-xru_UEOwajuXUiYyhbpfvjmjHgeQziJ6QY6CdNmPFA9EoIHePpHp8fkBD7w,atakhan,1,9,,,
NA1_5435918853,qBYbjNQ-fv9Y551fn8suA_cjxxL3PeYaSxzTpkYxN7SXRLCSZR5xGAOwgkhf-xgzWXQvJ0CLiqdKOQ,atakhan,1,9,,,
NA1_5434911765,IUedoqPq38xmGc_jQqgw8ErfGptv-vDJU13TYJdrDQQhqczCpvIKhIDn0GnrJUHHsLVrmwL_0YLBEg,atakhan,1,9,,,
NA1_5435036230,a3tf0hedYcqvdmgoJZbmlhbyFcawPsRF6eaDCqZboIhmLdDlCPg6l_KlhWuhbnOfKXnXr03pNTL-3g,atakhan,1,9,,,
NA1_5435077395,Tu_PiW47rZqBZlmuN51Db6n8hA86yvfqJ_0w5T0jKr9jZ5pr0dA6U8h-_Zhk5bsazCbnlWGU7kPcFw,atakhan,1,9,,,
NA1_5434882453,XCmZGsQOD_-9dcu_C7KOdeWAFVjgtp-fcxb2BLuomBdraIA_xSLdeOITKGC8kunQ1076B9q_pvW_9Q,atakhan,1,9,,,
NA1_5432955527,yDQEzxK_7my7r6jbaa6yqfrrDdqd3nXqZT3Mfn-wgQ_-hGzYcXlsgcJvEoajIOSrT2K6HvmMbPghJg,atakhan,1,9,,,
NA1_5435257156,9vJBZOxjSF0X5Hd3oLzy20EU_NxyZLR8quSLmRUC3wKEbcrp4W8EXchlhkUvoutSwfuMaMPxLR6hWA,atakhan,1,9,,,
NA1_5432119533,HxBVWsoU25JMPj89b_mqXtHTXmjC-yEpsNw7tF8GONTcSZjMk2QpM_bNoZE58prE31Zd3-QU_snqXA,atakhan,1,9,,,
NA1_5430716897,QykO9i33zQCKczKGf8w0fM-4I5IT37z8POlYGxMA-QL7VPpXYB7IZGiDVrGPQ8eAnlxlwMISvs1p0A,atakhan,3,9,,,
NA1_5433989988,AqDrzFRrr1J7xEnTNFZ_x2oxzTG5bNebddvgRHts5LdOr3w-rfD-qCqtK_gF_-c7QJxRRMfPDvZT_Q,atakhan,1,9,,,
NA1_5430225747,r4kpmF9hsdFLI1J5E1nK5jkiSURRzL56LjZPPhe55zmrMC2V7ReQZikrzFXrEICyokm2ow2sWv1OYA,atakhan,1,9,,,
NA1_5433857450,EdNUzkCzmdBIU5MjbnFmY1pzyHU83DjLs3rUHic3onJtb0Jbfkue79ByjiMPO6E0WCqo-QUQtXFzNA,atakhan,1,9,,,
NA1_5435696677,9WBXZ7vnKDeKqVO_9ISOHMGcIIYFTG6_jsYOpy2WxDfwmgAW0uvn4gbAUsfNuoxRSL9HcHJ-6T3UVw,atakhan,1,9,,,
NA1_5435696677,sk9Tmi2CqxaSG9Y282pWpR57clPPXGLlovFyHf9aqDUKRoFWM1Dth_CZrIYmQY2LYBMBwP7zrgQfOQ,atakhan,1,9,,,
NA1_5434777544,AqDrzFRrr1J7xEnTNFZ_x2oxzTG5bNebddvgRHts5LdOr3w-rfD-qCqtK_gF_-c7QJxRRMfPDvZT_Q,atakhan,1,9,,,
NA1_5430357537,TegHotJThDnqSlc3IAJLRPMXkEl6S55y28OfLhs5eYG9ufziJt6hC8IbCKdl_oJ6E3lb2ZIQ3OfmLA,atakhan,3,9,,,
NA1_5433973410,UoDMljh8PIH7zbXmv6kbZ3yABPX6eXl9vSW3wW1aefrP6UFUS1xa3mgps1AHpN0BISqmmwn5_j-qGQ,atakhan,1,9,,,
NA1_5434729606,q_SdJgYCQFRvdokd-sZNucx7MqfzRKK01N040pIfZXhkJdeGUTMN5Jk_yjO2byzn4_B7YTPWjkjCGA,atakhan,1,9,,,
NA1_5434873684,9QOsBS8BWnJqoOZ4qhdBjXFemvzVNiFKXYo3clJL4Od-Cdx07XoWW3HyGj-qd3OYBNyT3DL6hpMMrg,atakhan,1,9,,,
NA1_5435407315,8pEfLZYlYOJcWkCta9QmE1cDmwk2i9YijdHSqE1j-MPGAOyV1t0pf_Q4elOgXxg8iGeGaoi2eBGwNg,atakhan,1,9,,,
NA1_5434781739,_KLJoYb_znlbE2kPJCysB9HUovPC1wNBATSLe1Gb3YedEiy3FnYtym50C9QCA_-oJECeJPIDGj49ug,atakhan,1,9,,,
NA1_5433993795,tugxPTayU6EVLcR_q_h2Wu22PvzS7Qu7S7DX26LkgM8F5mQOPJ5_NEq3VKPrJZcoBHu4PRMYPZzoLA,atakhan,1,9,,,
NA1_5435462002,iF1WNz3eCJIA2vduIpZvQ-bZYDt_9p-G_7vaCnRdP2EkvBjLsM0-YwA5Lovbg3jdP-aUPMjqKkpdPA,atakhan,1,9,,,
NA1_5432794221,fuaB2CKnUmqqTcNPSqAOR6U7UmvzYzlB2Gjmce8PHqFocK7V-Wtpa_spqAdlRz9uNjDL3MuBDg8njA,atakhan,1,9,,,
NA1_5432794221,WvAc-IkMGWcCJWa8NImy7udfXcb-rdlA3p6oxU6aLfmGHBt7HFCsVwpcoN7barc7AmrvCNmWA8p0_Q,atakhan,1,9,,,
NA1_5435229335,fyvEMeufCK_wKnQ0Y_wDnaBtIUP9UTuaHGFME06HGKi_17rWUrAzapG3AZaVicoXmNFC8HGJH3rY3g,atakhan,1,9,,,
NA1_5435072904,U9DvahgukdkSXkMMebWda2xAFOz_kyn7r1A9d2_Y6T1WaQWTkRqfId_IZhKcvCPlftTS-Iyuuhy8QA,atakhan,1,9,,,
NA1_5435581466,r5JUpiTSWVLWjZpGm4Eo294Ham5cXoj74EVBatQG8XTCc0sg03a0OpoQY_Jqx3i_JmLaM_v33uC6OA,atakhan,1,9,,,
NA1_5434804500,TegHotJThDnqSlc3IAJLRPMXkEl6S55y28OfLhs5eYG9ufziJt6hC8IbCKdl_oJ6E3lb2ZIQ3OfmLA,atakhan,1,9,,,
NA1_5434804500,AiBwlMloUgGO6Co6O5eWDyGqdd1w6Iho_U8MReXoWXdW1vWikuGRHVyfLRaG7FppsHJF9prerpDkaA,atakhan,1,9,,,
NA1_5434112259,qBYbjNQ-fv9Y551fn8suA_cjxxL3PeYaSxzTpkYxN7SXRLCSZR5xGAOwgkhf-xgzWXQvJ0CLiqdKOQ,atakhan,2,9,,,
NA1_5435052274,lmdk3ZvoLqkaYrsGzW9LxmZqTkgCI0svx6Mk-RvvVRx1_Q6aPF1lZ1rK0_kSRyS8mWTIaZ16lCWZoQ,atakhan,1,9,,,
NA1_5434871953,zNoAFeAdU9F1aqIeNdkHEyrWfMW-Bcw6gT4rUEsxu-ofZ4NUcAh5EnA8jplXp_Uua7os3KucJdSc0A,atakhan,1,9,,,
NA1_5436091333,ze4RTrxAtGf77LG-McbYiqKGk3VksqcQVK1JN_MKIUihraTliL0Ie-kvQBq179QQkhcgv2qtEcPRhg,atakhan,1,9,,,
NA1_5434691898,uvSJiToy2NLomJuONe_uBp-4HNBIlHAQ2hk0w7ijPcThG7lwkhu3fYEK0fIRe5aCGz8MbdktLJTP3g,atakhan,1,9,,,
NA1_5433826991,g0xSuid55JDScl7X4EoIo7yVN9zhLr3uzyJB7asd_KGGfh_MxeeeZZLfUExEKDGsd0St-Xve_tA16w,atakhan,1,9,,,
NA1_5433826991,T5VA1fv3f1LdezTmpRZTOVFpVltwS-ZgVylnderHHGTNOQI6Au05dxHaIFC2012Hjdnpqmr8UocRmQ,atakhan,1,9,,,
NA1_5435003017,uOMjWQn5zLCbklgutPh1W9plSATmNc8NaEacZntv5uS5gEKkhggIZZK4PX0HrHMMZJkfnclN_-xE9Q,atakhan,1,9,,,
NA1_5435165459,v-Xfofpi1rCdoDotdLM_3w9_JDrv3p7bJ8o2nn0kMYlthT__i7FXfaDdIepmVbkOF_TTvrQiWOtDAQ,atakhan,1,9,,,
NA1_5433335979,RvrBaHfdlnh-_RGXE9pwvMdED7JuBg953VCUd1vQROHz-v3zGgDm1nJit3mW2fBHPneNE2nIHYhnGQ,atakhan,1,9,,,
NA1_5434028704,JCINSahL28SjBwHkvRJlYpCMfTl06xLE1bzJYBUMOOCMIeuxPO76Ybwxz3k9UV-D7zBL_y2NYnd4zQ,atakhan,1,9,,,
NA1_5433662291,qBYbjNQ-fv9Y551fn8suA_cjxxL3PeYaSxzTpkYxN7SXRLCSZR5xGAOwgkhf-xgzWXQvJ0CLiqdKOQ,atakhan,1,9,,,
NA1_5435876856,ZHMxWOonwIKI9V7RPsL59G2NkQr1LTNSVQnxOTGZ5lrdP0Ligy7z1iHnkxy8lW2zVI7RcKI-O7ELTw,atakhan,2,9,,,
NA1_5433070297,TRvkcIk2X5x2YxNsWwtqPIvskRRmMII_AlXWHl94Dd_oHyfQmq6LlFmduuKW1TaoblIh3693phEwuA,atakhan,1,9,,,
NA1_5433801841,nfvOAPM8IeFJkmRKvw8MMFdD1xhI2aj97fGf9Pb3woCn8Jzxp4WRB83EwfyRpjWb54C_lz_gygJmsA,atakhan,1,9,,,
NA1_5433418518,N84xr4sdUdAzXAR8uPvSfN0U5cL-DKxgTYnKUuKbZdUQU5FSg3k6cB58zv-WixR8bxtDiKudk_ShxQ,atakhan,1,9,,,
NA1_5434514039,dDxc8-XVMzLmt8LPM-n0UskUzu0-zI-4wXuOw8Sn0VXnGmwdBzbRzO9RA9ycTips4n3yTyghJGcPLg,atakhan,1,9,,,
NA1_5435129497,T5VA1fv3f1LdezTmpRZTOVFpVltwS-ZgVylnderHHGTNOQI6Au05dxHaIFC2012Hjdnpqmr8UocRmQ,atakhan,1,9,,,
NA1_5435129497,Tu_PiW47rZqBZlmuN51Db6n8hA86yvfqJ_0w5T0jKr9jZ5pr0dA6U8h-_Zhk5bsazCbnlWGU7kPcFw,atakhan,1,9,,,
NA1_5434605850,DdgSlZsz0n8TKewzbwZ3Vds4Efj5SvO9i1Vc0B-8CvH0I-n1bNlJmRk1HzWCkI-ltEemCLmERVohZA,atakhan,1,9,,,
NA1_5435171528,e3MMY2w1DJEP5aU7vvdWonArjPIJ6qN2ndKdtlLhqiVewTZhuBfECuciGUT8To604Qa0RTBBa81HvQ,atakhan,2,9,,,
NA1_5434291444,b3vmaWDte9IlzGxNs0K10QF_QXl1zvXOm4ySsA3LkSL_lZ11X5MhKf6-njWWsAqSHtkgoKuuOweSQg,atakhan,1,9,,,
NA1_5433744448,LaME_AFIBxEHGAg-c7InlkBdEBTpYcLeYs34YCT-TqlDpIXwpzt0F1elukKRj3xawNAluvlK1mAfWA,atakhan,1,9,,,
NA1_5435629828,_OsNNXUKnSA43WnFM-ptTzS55h8Ysn9w5cfTg2boWlUWHoIoV_wtAgJSKtRYqq3XsJFfwsUQaeeLgg,atakhan,1,9,,,
NA1_5435859509,BhHIWvMFjSj7sOqiZJHCfvEKaRdkS4_x2so_NqLxecP3igKaWHklnzTUAdG25PjXGSFXuyU6-LjEXg,atakhan,2,9,,,
NA1_5435029130,9vJBZOxjSF0X5Hd3oLzy20EU_NxyZLR8quSLmRUC3wKEbcrp4W8EXchlhkUvoutSwfuMaMPxLR6hWA,atakhan,1,9,,,
NA1_5433802144,gGLyxjNEh39dHXP2kE_ROTP-IhDOXnE_5ShVa2SrlHaW8xyk1nARpfGQ9MCab6CXthqHgAXsMtTU5g,atakhan,1,9,,,
NA1_5434809884,r4kpmF9hsdFLI1J5E1nK5jkiSURRzL56LjZPPhe55zmrMC2V7ReQZikrzFXrEICyokm2ow2sWv1OYA,atakhan,1,9,,,
NA1_5434495723,U9DvahgukdkSXkMMebWda2xAFOz_kyn7r1A9d2_Y6T1WaQWTkRqfId_IZhKcvCPlftTS-Iyuuhy8QA,atakhan,1,9,,,
NA1_5435065424,e3MMY2w1DJEP5aU7vvdWonArjPIJ6qN2ndKdtlLhqiVewTZhuBfECuciGUT8To604Qa0RTBBa81HvQ,atakhan,1,9,,,
NA1_5433864812,cLx_iEeiSPou806Gjra1NgJcU1n0RlZGpLlWcyBoG1SZtBse_5Xu4OGmYg_SG-GZEMDxKIPfjHXDVA,atakhan,1,9,,,
NA1_5435442284,UUAPYOUsNjcj_C6vr5QqbTV-io7awvNrPk_HaykqilnoADqj2b75nBAPbDZ_-HSv68tsFoj4etzXCQ,atakhan,1,9,,,
NA1_5435442284,4UPwksp8h86rT0ynvPNsa2KaTRW-jko0qV_vMcCIt1AGOhlKk_Ug8wBw6PHsXnIqHcuxPFLv2gBuXQ,atakhan,1,9,,,
NA1_5434745045,9uxyXPiLQKFknoHI3n6zfLfX9vtlB-8seuEfT9-FnWPWsUYFUKLaIj0YAFI0m1gpJEkpwBZOiBmkfw,atakhan,1,9,,,
NA1_5435611181,rqZqRKqAz6HggIIIVlh6RvxobZith5f8heyuosaQ7zNZbgzYqecLuUm4AM1nyPNdD776a3UCpy1H3Q,atakhan,1,9,,,
NA1_5435611181,Dnmqh0RhwxTZ9nq_g7gssUYOurDEPoHPNsc0pZRNboNjCOmFBNux8VU5HV-WI_C-21A3a-muEJyJcA,atakhan,1,9,,,
NA1_5435724142,5WLpm7R4ldJn2m4HQHDNQNKYhaf45DDdteF8QNQT3Wh_Vl6Jfesm5Kr488bLAhpA1WKrt7AIeg9H-g,atakhan,1,9,,,
NA1_5434617338,tugxPTayU6EVLcR_q_h2Wu22PvzS7Qu7S7DX26LkgM8F5mQOPJ5_NEq3VKPrJZcoBHu4PRMYPZzoLA,atakhan,1,9,,,
NA1_5432285167,wp0I-Gp73k9kSPDWYM-cGPXJNH_VJv6ndeyUh5RPSeevc6aBjFv3I17UvhvKGm5vutWOo7pJ6tn2vQ,atakhan,1,9,,,
NA1_5433867087,mpF24Db7An-3rPcprh3auKU0-f0BDY2RxM8bAdox_FVfFEUulQBaAwzOK7ZpAq1VSVCVUYjEmEzRsg,atakhan,1,9,,,
NA1_5435637908,iF1WNz3eCJIA2vduIpZvQ-bZYDt_9p-G_7vaCnRdP2EkvBjLsM0-YwA5Lovbg3jdP-aUPMjqKkpdPA,atakhan,1,9,,,
NA1_5435637908,FwobArWJq0Yvh53ydq5fCivxap9XPtTXRfL5WmWGBeJowThPJi8obxcsL5nZteZMFyK4i6x-S9lWqQ,atakhan,1,9,,,
NA1_5431410876,Br68EIvAlx8LcdNSCAuRSozkT_TqYTgd6pdrRGcimKffk3Pyj3ktCGh7H3s6uDqirzvUl6VS7lBz7A,atakhan,1,9,,,
NA1_5435406932,g1wxhE-OBWvyNS4hMcJGpUSVbeaWUiRWIsF8hNFq47BI1HHi40yibzBVg5sCaN5mwPOjtQLc-j1K8w,atakhan,1,9,,,
NA1_5436010252,1H79jcTjp_UzjdhotDihsqgHlyKASRmXxfxWL1kajOAv8ZLCLHE8MTIfqnkwTVGPeSly2PgNxgawrg,atakhan,1,9,,,
NA1_5435301136,Ox0mrNpHybQ7dtUPTbeEHi50euTOr4__XXliKzxcqEA65E7gwiqZKPhkieP_Z-fRxg2De_2HJSH9yw,atakhan,1,9,,,
NA1_5431452255,4dTQmtXyg6nla9JpbXy2K8EAUh5doxI_2qJEwOaIGeMpz7PAy3j9e98zQuHSx4E_-H37FeZgLDcx7g,atakhan,1,9,,,
NA1_5435843610,o2BUUSPa12LPqM5woGNjym7iflPOymLMeiKmIKeSr1FFqkOIRAeaU-BO4BGqF1t_KWG_z3RK45tnpA,atakhan,1,9,,,
NA1_5435793326,eX9b8MhiehTYtNTyUDdHthpYuyBdNo3YIrDvxV-zutHgtE5BLfJ473CC0O_ZFbSwmXq16j_UZpjlwQ,atakhan,1,9,,,
NA1_5435482132,w7yiT2dEYe0lDFKMOxPPqH47qzdlsFs2VteJC_qGnDrP4MZqUoLYXZOKP6aNPKT2MC_fnmF1Y_8EqA,atakhan,1,9,,,
NA1_5436107460,KdLBNuB4VsiEsgeEQ6jrAS8WXXRC52CSdZ66SF6-wmhCvBoMUi4BudLdks-xYzw6-4NxOax-dV1eGQ,atakhan,1,9,,,
NA1_5433023636,7o0J0n3NXGCUKHdEddemDKBq_cSJ289TA1-uyPftbfdGLkS9lsPjEMb9g0BhvGvC_F7AzRqsyMtTDw,atakhan,1,9,,,
NA1_5434753216,2hB5px29jNe7_RGtcCwe3_-fha2Xgrp-IXiejOinexsGE5z-IEzOGLNUOCWUiMgyknQF-SrnAoCyeg,atakhan,2,9,,,
NA1_5434619330,lCClljRqInOOnrKnDFqPpCD2Zr-CWWXSefOEtE1yscnvZSvqbj12T-81tV3ftXaSISn21r0xvNuMKw,atakhan,1,9,,,
NA1_5431318850,qpySrBPHPul2VtJgRN43eYlbFuMkIiZeEwwuODGT6hDEc14o8PrTMkX4QR-HYZyCCdWpI6jIssaUiQ,atakhan,3,9,,,
NA1_5431318850,IC65XUEYWbr4pXH2JG_w6V424iQCscRqJveOn5VGOmViUUauQNFaBiJxH5Gah-Bo_58_ELCzDY5Teg,atakhan,1,9,,,
NA1_5433883951,UGRspnxbXv67_TvXWRqO-EIBe6Luk3JW_99jlbVp4GaGXxRXc_QVU92ohiumhVK7UznDaqpds32R5w,atakhan,1,9,,,
NA1_5433883951,JCINSahL28SjBwHkvRJlYpCMfTl06xLE1bzJYBUMOOCMIeuxPO76Ybwxz3k9UV-D7zBL_y2NYnd4zQ,atakhan,1,9,,,
NA1_5435615707,15yvYlQcClint8d5OvpYp_cnh-PJPDnrYSfWp9kQ9ijXkHUOt5XiLgR8oT-l7N9j9Txi9GgD2bQsOQ,atakhan,1,9,,,
NA1_5435588466,JbFGFLIUTVURtkYt-YOycQzl1KGhm-Kfp37UY1spwUmZWk8lj34BeBeEMS-4zcyFueWTqBk-kVc_rA,atakhan,2,9,,,
NA1_5435588466,QowXt4E-u8O-eLIDLFECOkczuZEYSxSm2gueGmcpHKmEnvuHn19MbqovE7FHYZtukKuG_fKDtE7TTw,atakhan,1,9,,,
NA1_5435250431,MtScozxwPtGHOOOyQg0Uzmyt25DvSbEctrqTCtHugnC76pyBNgaiVt1pNvp8cw47aH8668g993R4pw,atakhan,1,9,,,
NA1_5435661017,zb3QruSOLCrw0zw5CUoyoTCDxo2TQUMbg6WSXs7h7Paeb686L2MiLjN7Ik3PKY0X8761rUXkkEjmOQ,atakhan,1,9,,,
NA1_5435884624,dkf9ftRhM9a-D96f5su64WrTbHbKu9HpRe9hFnPk8pHU3t7BTIHqP_-kkjzfpbRXqlaT27ndptLUpQ,atakhan,1,9,,,
NA1_5435884624,UoDMljh8PIH7zbXmv6kbZ3yABPX6eXl9vSW3wW1aefrP6UFUS1xa3mgps1AHpN0BISqmmwn5_j-qGQ,atakhan,1,9,,,
NA1_5435199361,EhHzhOEgdOkw3HwUQAPSQW4geU8yM3kx-3DeAlJbXLTrzJD8JiASppwPGu3_0azHEUBw7WaDQTFUwQ,atakhan,3,9,,,
NA1_5432944194,MjMY9NY-1LvoNWOU94Qa67Cxgl78-CkvMZPY6qMoeZxw-EXNeQnuiNyF2Lhn6e7xQ2pSHpqAXPEkBQ,atakhan,1,9,,,
NA1_5435278634,MrYUtSTWFHizke932Z-Cttbq25efP3tqVibiW3qODju5_1pj6dOt9FMMnpoN4qn_Pn5tV8qh4ung7Q,atakhan,1,9,,,
NA1_5436050725,W_hgJIzcps2iWLlSwX2Ue2FWV9gRxBvAWBc-8wycGseB8dI3Fko36pKx2ptRsjHde5aPflAaAIGMQQ,atakhan,1,9,,,
NA1_5434745793,9nTS_BVOWiARxDfmz-NadtbC3btRp8AWzKNdx5Gwz0mb6chdWMJ-qvxMLOAmfOZrNOBBQEaj2p_70w,atakhan,1,9,,,
NA1_5434745793,VRZDjfve4049OcNGGrS7moMsQ3eS98mJu85IZrBnitYqM3bxV5d3UDj_6NmRuFgTe87idACr9BG_wQ,atakhan,1,9,,,
NA1_5434878769,8lqBEYLur5gzDJB1CsFykKycyVoF8aZYQI-i14FQp6teJLl3eKQTHV_9L80M1l78WS4zRkX7VsluHA,atakhan,1,9,,,
NA1_5435403048,F81Gvi5QPrvY9O9oSN5ECudcWFMG-uPpYl548iAdaCY27wcFX7C6HcShoCh1D8-APBGe38hmX7a_0Q,atakhan,1,9,,,
NA1_5434332185,NgQsH1Xd2_ZlVTOHq4SL8yEVdH5evTzj6cM_nXD_3xnAo_jSdid0w7JEZFGaYJQMCdcluZRHd2ih7g,atakhan,1,9,,,
NA1_5430867549,q_SdJgYCQFRvdokd-sZNucx7MqfzRKK01N040pIfZXhkJdeGUTMN5Jk_yjO2byzn4_B7YTPWjkjCGA,atakhan,1,9,,,
NA1_5435236960,exnihPwVai7-PMQPQXWxoRpaqPWMh1XUom4kGZt-h8nLfCGwEcZEi4yNNbwCNMUa0AotBN-SVJ30iQ,atakhan,2,9,,,
NA1_5434789451,M-BJj3A6mtTVS_N9NKcCuzOEcSYw8MSLzdtvYQkNN4RJIlPHx7GnajczlU4EtFezF7Ei9atSyWRSlw,atakhan,1,9,,,
NA1_5431462477,0XDrr4BDQegF6nZ0aGwwG2KkJ9h8AkAkWAVM7JgtVdJa0GBZ9RCSy0YsmPyjJtI3az3d4__jGYuW8w,atakhan,1,9,,,
NA1_5435342810,BKGKMH5o0hVKCxSPdG08csj646EdcI8uWU1KsRtf5y-FIjOzJtnuPNokPFZ9-K1nh-EahG22Mpbacw,atakhan,1,9,,,
NA1_5434864160,hy6S4_pkZnRGcZF8WAj-SLbrCOG1qWEVByOYL-HiQt4qLJ6vH877OZXCKncmswthv6V66uslydCI5g,atakhan,1,9,,,
NA1_5433583272,seTyYzwXilFTTWOCHxZ7HCR_TXzt44d8SRVv5_wJuNoaPQIF6ZBkB0e-KQw-tCcgkJumFtlT1_OSrQ,atakhan,1,9,,,
NA1_5433583272,8lqBEYLur5gzDJB1CsFykKycyVoF8aZYQI-i14FQp6teJLl3eKQTHV_9L80M1l78WS4zRkX7VsluHA,atakhan,1,9,,,
NA1_5434622759,yc1aAVYq25M6ry3bkEJqYNUQTQLI0nby5wvj4a8XK_MfbJhdWe15Rz9tXSD5M5Pi8vYHxWcjQbXojw,atakhan,1,9,,,
NA1_5435570184,i5MHAVvrBlVtESxG0aC5lB4Rzqix40AnvDhuMFu1TYjF1_KnxaU0yI2_QOM6qtzGoJYuK3freWOSpA,atakhan,1,9,,,
NA1_5435803019,cnlWyhky2LePHluMR1JZLPlaQCI7-8JtEweIGEZ3r4h7lUTTcvHsKz8sw9E584IAGeuUPp_oA_gTqQ,atakhan,1,9,,,
NA1_5434314737,zEoPhbuCZXPyp7ZA044x6Kw9t6SlsoZaFnL6kdBSKmai37Fj67rzK97EStj5t1Zng_UZEHYNtHSL1g,atakhan,1,9,,,
NA1_5432726964,8lqBEYLur5gzDJB1CsFykKycyVoF8aZYQI-i14FQp6teJLl3eKQTHV_9L80M1l78WS4zRkX7VsluHA,atakhan,1,9,,,
NA1_5435602939,rqZqRKqAz6HggIIIVlh6RvxobZith5f8heyuosaQ7zNZbgzYqecLuUm4AM1nyPNdD776a3UCpy1H3Q,atakhan,1,9,,,
NA1_5434848664,Q3y78KA5ASgjsLHRdLc6sLZScnNPjsO4fdE99LS49Jz0o-sSNWJXgqAKGyppCN10vwQN1vXxfG9zag,atakhan,1,9,,,
NA1_5432422837,HxBVWsoU25JMPj89b_mqXtHTXmjC-yEpsNw7tF8GONTcSZjMk2QpM_bNoZE58prE31Zd3-QU_snqXA,atakhan,1,9,,,
NA1_5434664752,-Y4B0HHGowgr1be2Uf7rXFiFmILWOFqr6Cj6vQNl-wGCo7jiQ0sycxqQdjZuf-J8oaMhAgG_3GehRQ,atakhan,1,9,,,
NA1_5433637383,dn33FCsKPU1h7Hrd0SlBFVd7m2atoyBsYrdJ-8uBKIOAWjZtsX36GsR3fo563Jiu2r3brCgzgnvSmg,atakhan,3,9,,,
NA1_5435824628,2asYYJcgp8_14CrxWLgxzzHZ-JMegEhAsvSLdF2EGjdXbgicqPl5Mr9tXsXsHTGnxIw6jAM2y4vQwQ,atakhan,3,9,,,
NA1_5435554199,W_hgJIzcps2iWLlSwX2Ue2FWV9gRxBvAWBc-8wycGseB8dI3Fko36pKx2ptRsjHde5aPflAaAIGMQQ,atakhan,1,9,,,
NA1_5435899000,UVLihvGHyUymikisyXSW2_5nxuprhVjCcpjFq5m-kgVUBDuFiOMoySzAsQXfD4ybsuq7nmPjMSLjNw,atakhan,1,9,,,
NA1_5431254227,GAee3AvnsgJmbeWwogq2vakb8wPnxiWgUKIGecNfcYXqy79u-ev1aEZCesmk-j4nG3eT2VElrkR3yg,atakhan,1,9,,,
NA1_5435882709,lIXywhmIws5ai8iD_QyG16sSL6OMl44Dpp8LNW9emIXW_EqxMyAY0tQ5hTnBDRdlcV2yPVOHIqeZFg,atakhan,1,9,,,
NA1_5435564368,irV1K_ptehZNLTjVm0hv01CZ2gMn4Poj0o2ITFFMaUBhSES_3gNxk_sUwlRK2oWNMMrDJfaWdDWS-Q,atakhan,1,9,,,
NA1_5435564368,7QLNd_KJQlsGIVQIDJbKq_y8B4LleLl2GZTUVsJtNC_efEdhpCYaxNDTEnv-bejsiRmC7713qx9-FA,atakhan,2,9,,,
NA1_5436177020,g0xSuid55JDScl7X4EoIo7yVN9zhLr3uzyJB7asd_KGGfh_MxeeeZZLfUExEKDGsd0St-Xve_tA16w,atakhan,1,9,,,
NA1_5434890863,Q88NaH917LbXvFvG_iL8cyuzbv3zRuLsS-Anh0t1yDkaHSFVULu448dqSizWappkKI08WaNiu6_xpg,atakhan,1,9,,,
NA1_5434890863,M-BJj3A6mtTVS_N9NKcCuzOEcSYw8MSLzdtvYQkNN4RJIlPHx7GnajczlU4EtFezF7Ei9atSyWRSlw,atakhan,1,9,,,
NA1_5434890863,GAee3AvnsgJmbeWwogq2vakb8wPnxiWgUKIGecNfcYXqy79u-ev1aEZCesmk-j4nG3eT2VElrkR3yg,atakhan,1,9,,,
NA1_5431640426,_anfrx9Y9IcIGE62dktq67A8rZdBu4S_T-14D6lHAg2hlnUxXpUQw6_weMJAJtrqTFwW0ZIuqZypgQ,atakhan,1,9,,,
NA1_5431640426,amd3qlkNzJm2pt6LpKeS19uEDgJrH8nYWxOWxvrkbsXO1oFHvYcSFF4pbxRwfRZgo2iyi-HF7WcfWw,atakhan,1,9,,,
NA1_5434901379,Gs9jDqhaGxrQ-xomJTRY3gi2W855lTE46OGKDU4QnEKJwOYwO5oUhcxMiMAM4E8BlaU3oDxdlCRJgQ,atakhan,1,9,,,
NA1_5435619436,J8zH8ZtaKm2LO4sZ5HZ-cjNQIZr8ZoxqI9KCZloNplO3qrefIin-C4-giqDkoIJmNHYqOs1MHhybdQ,atakhan,1,9,,,
NA1_5435619436,gxfePULF1gl459yWKtsd1Fx5BOtmJ1bahAjpHuyYfL5ux-SYOWSbQoIKcPRd0A66oWDgHY4ibu6Y0w,atakhan,1,9,,,
NA1_5436059744,ed0bRJN-qh0cqfU-1-4tbpuijImeUypbtzcx090ghvQsizq3YoPN-ioEN7I8cruy35LVmYMDy8YbDQ,atakhan,1,9,,,
NA1_5435153321,2Oy_P4jaBSPyjR8YBR-KX-bfowdwqqky7FwN0MM6feDn4l5SFr-qEGpQwQwwZK6wKYCLopEsFrclAQ,atakhan,2,9,,,
NA1_5432927029,mpF24Db7An-3rPcprh3auKU0-f0BDY2RxM8bAdox_FVfFEUulQBaAwzOK7ZpAq1VSVCVUYjEmEzRsg,atakhan,1,9,,,
NA1_5434999577,XqITlhdHSLLKz_TxxOA-ER5ghB6O4Em6tZ-V-MATdLy2NTXIX2VUOK9e_BgGiUoTg76R1RCkkjZ24A,atakhan,1,9,,,
NA1_5435797124,XvswHMEU0A_fqpj-Ax4H9HAqWkktS29nsj9N3sQ2oQHqQy88OYAKHMITBB3bIMDKKPi1WuiG-NTOKQ,atakhan,1,9,,,
NA1_5435797124,f4Ww72ZZi8EgDXWZSLTNdBXu1O4RptyZJYgrlF3PMq9727UtLA3snzfLHzYRbrkbbcnFYnoinYjoMQ,atakhan,1,9,,,
NA1_5435294654,yPLnXdHTXkfaE3oIzHQ-kgzvoZbvhlczoWelxaopOUdp8Be31d1IDZu9-9mmbCPDOZznwGhLoBjjNw,atakhan,1,9,,,
NA1_5435168533,IqYjyAqHirUH-Dpqu5kk3PCwOvWu3wxNdFYmLSvvXK9RuvZpxUDp36Fe0sGO1xJ0qUN0vRGKwaHBNQ,atakhan,1,9,,,
NA1_5434988223,WKQVTTMG9_aUzfRT8q5kV8V1lasaveoSXzOmFpxgTGob3sfxSpgpOawYaSaI6f49MWmyq_KrFGpuKg,atakhan,1,9,,,
NA1_5434988223,zLCkJ5gYz2OVtiKj1UoxD_oacPpq5otqtuSotNTRcKGA634AZPRMOf8gjloQkWX2lzuCtdUhQxqMig,atakhan,1,9,,,
NA1_5433981818,bzJ38oB5yDTiZQFA6W7WXtzwkRK5Ht-KVl-mjSrYMiokqOcPpuFlakr2blq3_UByEm4UVNEiUdeg0w,atakhan,1,9,,,
NA1_5433981818,JCINSahL28SjBwHkvRJlYpCMfTl06xLE1bzJYBUMOOCMIeuxPO76Ybwxz3k9UV-D7zBL_y2NYnd4zQ,atakhan,1,9,,,
NA1_5435598220,C1LuGC75hxBvEafCLKq3hO9RBvfR5YT_uvoUXfVhyZZOpeuPq8QG99dwm0ecHkuOvqxJjEFUl67UbA,atakhan,1,9,,,
NA1_5434997640,KQvTs_uNAnsgRHy8KZ64kUmXJRX1-ZNYICHj79kY5D1ShF8dCcyHB8Nhk8VRKi40GQfQPsTPwJnEEQ,atakhan,1,9,,,
NA1_5434997640,hy6S4_pkZnRGcZF8WAj-SLbrCOG1qWEVByOYL-HiQt4qLJ6vH877OZXCKncmswthv6V66uslydCI5g,atakhan,1,9,,,
NA1_5436028980,jRVq8Ay7BqTZ9dD0jSODCRQ5Oj2xmYjOl0e2L2cM0XVSwpNJbOaoFL81wVVnH0d7A3XU-yBJRlPu8Q,atakhan,1,9,,,
NA1_5434689904,bn33EubhN7QF0gcYxeurhtxnnmsfttBqza8WTOdubKx4FBB_MK8JwvJFqYffqWnVaepe0E-v6su9jg,atakhan,1,9,,,
NA1_5434689904,w91qEKjFuD4zAvvjnT9hWNofU0nO3fFUFYsYBhAYqN5Ir7cEFX2VMM_RVdL4kwZGx7ZNbOALVl_-1w,atakhan,1,9,,,
NA1_5434651390,DKgtocx5Leb68OPm2fL4HxamEcyFkQ_Ra1iWjFenLjyfzoDxaqrUt5_nB7JJnIzuOdkgfdyGQIR5HQ,atakhan,1,9,,,
NA1_5434651390,PvYc2PU1F3XQCTrCCXBKXecbJwutwdbdeIP79T2qfpFSQjfLoWJuwaZJm3_TclP13uUYXD6dxnvtmg,atakhan,1,9,,,
NA1_5435782994,jjxcB6GAIpzCfVGTsNw7snhJEnI3p6gO65wOSo3B0L-sWki-YIm1BHB0XyWp5GGuoILx5xnaKvIktQ,atakhan,1,9,,,
NA1_5433938707,ldfNsTj2klIjO2a8Zi5rvePLMCpH6idGuSKJSd3_lty2ZRNqR4WslWJR_viOeGCHj1ysjohlwl4TVA,atakhan,1,9,,,
NA1_5433938707,vz_zw0j9A4sjZCsIwmaFhpVZPgCwHZxvssIn7it9moHJsPkIr0a2z0jjVTfXKvnR3mI8yvzyo7nRfQ,atakhan,1,9,,,
NA1_5433938707,7QqMA1mE_02dyJwLgK940bDg-gHl-xa5GMmtyOGffhWXZVlMHmQhs-dPjOJGft3CpED9iSlN-mBB1A,atakhan,3,9,,,
NA1_5433876265,RRT-_U6x5X0iMmVKSclv2oD11BTRDnceh00wdBBy2G_K1yTGGXrJ8DRNaDE8ovptT8NGn9eVCkWOgg,atakhan,1,9,,,
NA1_5434669896,DdgSlZsz0n8TKewzbwZ3Vds4Efj5SvO9i1Vc0B-8CvH0I-n1bNlJmRk1HzWCkI-ltEemCLmERVohZA,atakhan,1,9,,,
NA1_5432233266,dleGSwAyBJqy0Y4lyo-xru_UEOwajuXUiYyhbpfvjmjHgeQziJ6QY6CdNmPFA9EoIHePpHp8fkBD7w,atakhan,1,9,,,
NA1_5435292489,xfRqTXjOUAw_7fkXdLgU5r9qI-rSqZtUyDu26XjezL0wBLcAnPpYakTMaZxy8K_SzNPTnY1f8MEXJg,atakhan,2,9,,,
NA1_5430936501,FwobArWJq0Yvh53ydq5fCivxap9XPtTXRfL5WmWGBeJowThPJi8obxcsL5nZteZMFyK4i6x-S9lWqQ,atakhan,1,9,,,
NA1_5432159642,1Wh-WDrtJPEbogLGfEDws0yDfwvWFPt5Q8c8qvEnee-iXUj3ujLvrE_oScwQiTmml5Eqd4ON2mIDng,atakhan,1,9,,,
NA1_5431648831,O_AVzjiRawbj0iSnVSqSC06Vq4i4w9jhYWhViJKBHFXPEwo52tTTZ-epYZjKDIIRn78a4-11Z_S7bg,atakhan,1,9,,,
NA1_5435593270,yrVdwwA-E1ci8pynpLDUS1dk2Lg3FGAleJ2K_XJB-T8fmiIlUmkwvMATwg3mID9nu8GITi38vg8jjw,atakhan,2,9,,,
NA1_5435704384,QLJldtXKibTtiBoY2Vhg8KghA-ogptq4pqhv92sUJAxNAtvL08TYg7c0_4DEetTJ2PkMDcpsiMoq1A,atakhan,1,9,,,
NA1_5434869532,Q3y78KA5ASgjsLHRdLc6sLZScnNPjsO4fdE99LS49Jz0o-sSNWJXgqAKGyppCN10vwQN1vXxfG9zag,atakhan,1,9,,,
NA1_5434869532,Qgf5U4biqXTqsghzZ1dVWEnv-NoIA7UN29BhKvT-KNVoyJ3dNmxB0NcMwTOsrqz4_S8T2B5A-g0xFg,atakhan,1,9,,,
NA1_5433738066,hOB-wB_3Qp1CXqymvkSFNJWnw6EDnQJDHgf0LaophzuItcLcF2KKAW4YVdJjZacJNMnt_5SQHCoq4w,atakhan,1,9,,,
NA1_5433738066,dn33FCsKPU1h7Hrd0SlBFVd7m2atoyBsYrdJ-8uBKIOAWjZtsX36GsR3fo563Jiu2r3brCgzgnvSmg,atakhan,3,9,,,
NA1_5432953535,RRT-_U6x5X0iMmVKSclv2oD11BTRDnceh00wdBBy2G_K1yTGGXrJ8DRNaDE8ovptT8NGn9eVCkWOgg,atakhan,1,9,,,
NA1_5435514271,uOMjWQn5zLCbklgutPh1W9plSATmNc8NaEacZntv5uS5gEKkhggIZZK4PX0HrHMMZJkfnclN_-xE9Q,atakhan,1,9,,,
NA1_5434912430,Yksnm50RZ7DZrpOjzCrLmuTR17c9tCWgJ23ioFpapTTboMjvBzjMJu32DUh8zkR7hsqZylwcPnvFow,atakhan,1,9,,,
NA1_5435597272,99Vn455kWJSH2_rRm8YEJ-OghphWSjNPS_aM8kEsQvgGcctnw5vLSVQVdEdhXJP4s38PbikGfQ1qEw,atakhan,1,9,,,
NA1_5435908350,l41z0kPfFzE7TlLj3_fSGyhtpMlzRGoN33LyhhYg4bFZ6iJdPqQFrwaABX6LkcyeDruDKJe5gG454A,atakhan,1,9,,,
NA1_5435908350,jRVq8Ay7BqTZ9dD0jSODCRQ5Oj2xmYjOl0e2L2cM0XVSwpNJbOaoFL81wVVnH0d7A3XU-yBJRlPu8Q,atakhan,1,9,,,
NA1_5435734773,IXj9mSvqSUbXWWagTe2yXf3a5ABQaUEgC5ZbY0WDBRcsRmUGbYXaKp1DNsd65g7xN2r6eBoKxLbUPQ,atakhan,1,9,,,
NA1_5434114420,TQ25HkYzgl_x_hQW3pe4RRR4eP-EaJs6J4fCF70p8XToar8jtckuP2O2Dm1WPABmAo4_JvZr-juVyw,atakhan,1,9,,,
NA1_5434322019,ln1BoIrzdTYk6Zzdz8QontuvX2X0eKIKVmsaRxsgGxyZs_rsODtnfNpD3ZsWVQ93OQFFYA5VuP4wrQ,atakhan,1,9,,,
NA1_5432311018,NwvEKdyOgbgNtlZ2zKaSx6_lyH-_sLX4MYD3Hl6j-ypHYa-_MjPxfAtao2oO5IVROXiEBa6iXWOfsw,atakhan,1,9,,,
NA1_5432277456,TQ25HkYzgl_x_hQW3pe4RRR4eP-EaJs6J4fCF70p8XToar8jtckuP2O2Dm1WPABmAo4_JvZr-juVyw,atakhan,1,9,,,
NA1_5434794701,XnA20BFq6qgUk2B727LldA2VkDw2rm5Tykg14thKcLvyQWCfwgtuTP20bWayh545kwOV54NBe5vKaQ,atakhan,1,9,,,
NA1_5434825948,Td8_PvZqB1nKdT1DjREhM4psYm5_VyZw7CVBcIPM2I3kExqpns9_GJnnWQNSf0bOp0X_qvcFMEn7eA,atakhan,1,9,,,
NA1_5435498549,W8yith3GvMoyK1FfKBZDBONbRTUXL2YaMWB-VJJynurKLK0iTX-Pf-KYmugbIFimrkjwCkx35-kQZw,atakhan,1,9,,,
NA1_5432144908,GYXkDuWKtvQcGG1VDY6k-DcGPsvVzZbFKjUvxDjZtsacCd9UT6bfeAdQZUgdoJa0nULlhezKRRTvMg,atakhan,1,9,,,
NA1_5433316672,mwujS7lBvn0dtUqd2gn9NukxZ7gYBvAA20MpmRatS1l-sAIP9cD2efQBM9Kf6M9RMPSXj4EDthSgdQ,atakhan,1,9,,,
NA1_5433062136,3RYvHjK2im-15h0SLSgCnBzlEJarEeOzmt0x6g51pa8jsDs8IsVZN0obhpVvqaGWYVjnOOBi_gUURw,atakhan,3,9,,,
NA1_5434790754,9UpQbg0U8VoX6NGgLNpX9MFjDBLPqYPHurV3IYZ18JyDwiaIuBkSuSot02nhbaMHosVbNOy9WvBTOg,atakhan,2,9,,,
NA1_5435539831,N3q51scJNwPTtts4KraUz78MyicCVYk3NmephyLLPhb7yqfMwQtjltitb-VUCDmDSlh4yQgJZET5Pg,atakhan,2,9,,,
NA1_5435870917,9vJBZOxjSF0X5Hd3oLzy20EU_NxyZLR8quSLmRUC3wKEbcrp4W8EXchlhkUvoutSwfuMaMPxLR6hWA,atakhan,1,9,,,
NA1_5431959208,omY8PD4O5i-86XbDWCawARIVjXUgHwIgKGZ-LPbH2eNGbY1aC9Vb_JxJnmYgtqFpGQFPO86C3C7f8A,atakhan,1,9,,,
NA1_5433306330,1tSPTZy7mHWDcnGG6kbc_SBXih3mtuyq0CQ_oTU14CMBZczf8JGugg995jman6JyyUy-xTAeYGY0xA,atakhan,1,9,,,
NA1_5434004813,7ylt04Vn2d9l1UAOFh2VStfzQhLYl9w9n8sXiKUPiwZWz4cdnpGQE0j2bFjFQMwafqFZbzQGLU1ZFg,atakhan,1,9,,,
NA1_5435709448,5WLpm7R4ldJn2m4HQHDNQNKYhaf45DDdteF8QNQT3Wh_Vl6Jfesm5Kr488bLAhpA1WKrt7AIeg9H-g,atakhan,2,9,,,
NA1_5435986718,EdxNKcj0dTtLc0MAHRXU0iMXKVYcqdH8hjKYRaZft1ehmfbVfmhFkRRxsme47EwQrBF82ETUQOf9rQ,atakhan,1,9,,,
NA1_5433810771,nn3h5z3PugPwJKlFrmN32_yjHlYwSH6I9vZfI6jP0VD8qZaam1KjpRwuEWozblm4qvZKIYo8C69RGw,atakhan,1,9,,,
NA1_5435031308,x9ADffuyL0202rwqYyixGMD00x8rLZg0_zHH2WvXLIJ6vm2RB3XT0xiLDXW2nYIxAD6_PiKbecT3yw,atakhan,1,9,,,
NA1_5435879975,DOidNELvs9qzFjQYhfsOkWhl-0-JLA5MLDf55FA6PriI6PMCGbvmZeWWBEv0T_WoReyY4tmdZTlkHQ,atakhan,1,9,,,
NA1_5435211759,rKmL6Z8L3fapSrZUzjjC10DgBDXULmXczzn4Zel59jziKQ9TxAnZEWFOPSAnp7MkZX-lWrJgIMrLAw,atakhan,1,9,,,
NA1_5434976660,4bq821_af5m33AH01RBhzM0TU5XTkRMx_d851G-NMluwv4s30lK6SNFAmWZVZcnkXbBX9rLYDGl-Sg,atakhan,1,9,,,
NA1_5434932894,cIU4YgqAUfZdsZVYzRQyjApYAH-zbESIEJ2mhx7VNyVShlBNl-fefqOyasaXpuycFQhCYVjgQa_rtA,atakhan,1,9,,,
NA1_5436084575,yI9C6k9bq2ZMso8GrVESU2r9WNkgC33lYBkDNyi4Tq7XoC3Bj0PJt38oEY5NZzyyHbfrlz3PsrjrUw,atakhan,1,9,,,
NA1_5435805341,n4OgUhuX8HqR7UySHv9v83kBzravOzIkAlwDfEYvn-D7zSY4SuHhuzBvupvmKKgPjBXVDXzNN1lxXQ,atakhan,1,9,,,
NA1_5435729400,1tSPTZy7mHWDcnGG6kbc_SBXih3mtuyq0CQ_oTU14CMBZczf8JGugg995jman6JyyUy-xTAeYGY0xA,atakhan,1,9,,,
NA1_5435276776,97_PWX_sUxP_jfjyJzT4iWzdicYqEXQL6xZMBwGQIFGiOFoK8JuqOHY9sp_kD_cAFDks3oyO3s4XhQ,atakhan,1,9,,,
NA1_5433044178,6c96Jxy3mSQjc6uzISK_AnzHIA_YN5aCeAoatLvVL1SJPpT8mfaB9_cZhp7V7bJpBuGIXcsElTJdaA,atakhan,1,9,,,
NA1_5432898212,Fftv-lLS_hy7IjzaI_uDdLpFXGSCqZGDDQdbqZ_mwqDPlXNX7KAmOvJZDiFQtXw50Zp0KLtj_FIvTQ,atakhan,1,9,,,
NA1_5431527845,DQHtbw0rjE98qj6ndJHZF682vrH3sXzPqJXfmRphOJT8byvDxoG0bCCOBvdx1jByVOs_aWVnh-rMmA,atakhan,1,9,,,
NA1_5431527845,Y38vOBYGmiQlkgLJgxw5jPMeXeTRReAm2ah1OJo18JUzK1KhXsTWdtc0rOhBJk7n3-llD3xtKKvsMQ,atakhan,1,9,,,
NA1_5435493717,a0G4WeNypXlfe2XavI3It4dzM3BhiTyXU9q1yd4gK5vRAO3p2XTmiC4w8_RVhMuGJwCaFW5qjpfFnw,atakhan,3,9,,,
NA1_5435493717,tr04fAqgCVc5JL7ZlU--wCRLyLRS_ULi2bF-iVppHL1Zl1W_eZrNFFt029cGgFJOx_BtkSNFG3SDQA,atakhan,1,9,,,
NA1_5431333325,77mc92wtUnYjv5_D5mMqZB91rT8kjzv8-wut5NWeuAld6EZwU8jLGkgqjSHTgYSYPvEo75649Xx37w,atakhan,1,9,,,
NA1_5431333325,H1an3D4ptlV-FEEous2JH-IyAv07IBzceUnbsqBDueYUdLAHaGunnmpyclzuqJZauikn1GQyTlNS6Q,atakhan,2,9,,,
NA1_5433224423,lZXfbktUAlC9uJ8KD3EyyWrAw_WdQX9VQwgKxIZPzfZ8czXCuYpDTbCwGLT5cFy9kFFy6JWRT8NEwQ,atakhan,1,9,,,
NA1_5430283367,ssx2zpeiDhPqlWRciXflAEH3DHqfyjlVU-Am5QqKMgvN_uLRcboruOqatnF-c7pBukaGEFR5xmA7Fw,atakhan,1,9,,,
NA1_5435633482,N7-9NoTKQd1pVyHnhgECrwlSTWRhM-CFudJFHJfLJ2gvm0Qby5bB4saPafWG4AZ4HxWWUZ66TuUNQg,atakhan,1,9,,,
NA1_5435633482,zMDVvNubWdYJGHsbZYlxXnu0mu0u5jkEYHxKrN4Pzbhu0VxQegmD3d4SVqBFu22c5So-uXNGtbGiYA,atakhan,1,9,,,
NA1_5435633482,QowXt4E-u8O-eLIDLFECOkczuZEYSxSm2gueGmcpHKmEnvuHn19MbqovE7FHYZtukKuG_fKDtE7TTw,atakhan,1,9,,,
NA1_5434210177,aAUGXih0zr5m-i0m52KYtyu6n2RmnWE-lZ6RQTemCL2s90eJTOtyY_8H_JGKjLAHhxPeDSQCy6v0AQ,atakhan,1,9,,,
NA1_5431862852,Llro-PisSK1AhUH2bNJILtKQdpt3saczNSGq4D3qoTXfAP2ubufarSEYahb2t9nl-GWbH25HgZo8lg,atakhan,1,9,,,
NA1_5433190751,N84xr4sdUdAzXAR8uPvSfN0U5cL-DKxgTYnKUuKbZdUQU5FSg3k6cB58zv-WixR8bxtDiKudk_ShxQ,atakhan,1,9,,,
NA1_5435535915,OZq1RZYcMzkXNxZWlDTN9rchrlK3d3IOGWNQIpx1p_PL5JeJIKeyfGHud-PVd4OmplrFT7RW9t5jzA,atakhan,1,9,,,
NA1_5433962604,0hEtNEKM1P9KP4tTybVJ8O-diXmeIBpkoDIqqV5Jld4KAkqsLFeeo7WH8anCAQzWf-7cnBX1PPg2RQ,atakhan,1,9,,,
NA1_5433962604,_EZE6rPwkv6wnronBeo8YX-inT-KbjraaguYQHGzVlmlXm2NLNBEvr2PLfu2r9zay0DaRhfVpuT5Tw,atakhan,1,9,,,
NA1_5435530097,_anfrx9Y9IcIGE62dktq67A8rZdBu4S_T-14D6lHAg2hlnUxXpUQw6_weMJAJtrqTFwW0ZIuqZypgQ,atakhan,1,9,,,
NA1_5435530097,f4Ww72ZZi8EgDXWZSLTNdBXu1O4RptyZJYgrlF3PMq9727UtLA3snzfLHzYRbrkbbcnFYnoinYjoMQ,atakhan,1,9,,,
NA1_5435248872,FNdgUrM3DjK2ldW47kJWKEGDiYH1OjxS51-e3S1xOU-viHxYFuWYX6eOZnIr6-7q6-C8DsswlwGwkg,atakhan,1,9,,,
NA1_5435984359,7ylt04Vn2d9l1UAOFh2VStfzQhLYl9w9n8sXiKUPiwZWz4cdnpGQE0j2bFjFQMwafqFZbzQGLU1ZFg,atakhan,1,9,,,
NA1_5434956487,LTwcTHctBunWeDzWXx0OIkCjc3HIXm9Bh9mgNQ0LDUk5aAtSJMxzq0yqhjDxsUbvVnI3BV9Fp1KG3w,atakhan,1,9,,,
NA1_5433385760,1tSPTZy7mHWDcnGG6kbc_SBXih3mtuyq0CQ_oTU14CMBZczf8JGugg995jman6JyyUy-xTAeYGY0xA,atakhan,1,9,,,
NA1_5433385760,HjYmvqt3p8tkX94zthZx0AMugiuGn3Y2eY3c_W2ZaUQr14RBix4Ug51C1V1ux4Jgp9Sl24-QKRxAEw,atakhan,1,9,,,
NA1_5435925293,c6ejsUA2OzhnHI9QUuMj60_NRqz474dAqdjvN_SIOr34wbQShDAJZModPk8Q4uXYXGOuHhqs5bD6HQ,atakhan,1,9,,,
NA1_5435635002,XnA20BFq6qgUk2B727LldA2VkDw2rm5Tykg14thKcLvyQWCfwgtuTP20bWayh545kwOV54NBe5vKaQ,atakhan,2,9,,,
NA1_5434215158,Fs8U3adE8x1hwcLJisJycqX197fjgjBSHNcQ1hnsmtetnY8uzXNU_xht9MUtQPaAx0y1Lp8EqCgnog,atakhan,1,9,,,
NA1_5435021261,cLx_iEeiSPou806Gjra1NgJcU1n0RlZGpLlWcyBoG1SZtBse_5Xu4OGmYg_SG-GZEMDxKIPfjHXDVA,atakhan,1,9,,,
NA1_5435543560,PvYc2PU1F3XQCTrCCXBKXecbJwutwdbdeIP79T2qfpFSQjfLoWJuwaZJm3_TclP13uUYXD6dxnvtmg,atakhan,1,9,,,
NA1_5435200693,W_hgJIzcps2iWLlSwX2Ue2FWV9gRxBvAWBc-8wycGseB8dI3Fko36pKx2ptRsjHde5aPflAaAIGMQQ,atakhan,1,9,,,
NA1_5433279317,fXORQnGiEhzTdXfjHSNgQ5U0TpBclAMTPPteImxuXsnFcYCKwtug9gEg5w8Tky24odTDFYDqutcO7w,atakhan,2,9,,,
NA1_5435425207,QpFXf_Hk_chRV7i0Hg8J8f8DITPIe-MFcnz0qlQPVym-SErPrd7VJKdmiPePy3B6NRsgDrsd_xeFIA,atakhan,1,9,,,
NA1_5432450834,VT_tSyInhNOVRBku_QaH_U5wkvzDzHCdadnDFiuNO-6aQnJFDQqxlP6Q3sY7AK78NJILEW5mTXVa-w,atakhan,1,9,,,
NA1_5434271901,9rrM-o2VUpngPjTau3cDiDNQ_l31QB_-Po0negxgN9aR4HIycN5woTNoJu8EiXaznTjPGysUCpN_Cg,atakhan,1,9,,,
NA1_5435971397,zB51L6ekYMZol7IGUdGD-ZSSn1xtbMKv22un5x2vIeMA3SBRiZtiLXPlHVQ_eWs-K8T40Fo_mxNi6w,atakhan,1,9,,,
NA1_5431628403,9UpQbg0U8VoX6NGgLNpX9MFjDBLPqYPHurV3IYZ18JyDwiaIuBkSuSot02nhbaMHosVbNOy9WvBTOg,atakhan,1,9,,,
NA1_5433611565,89xe1KZd-Qg7ulVifPqRroXNQj17eahEtdTKKhJ80xLz7poznPz1iEC3HXl-i_Vm0Arrrd-GpJ7C5Q,atakhan,1,9,,,
NA1_5433611565,QVt11eHWQOgrFmhSBE5kb_K3_P7ZEX_kD5ne9QS-F8lGECx1ZtX3AIkiW8Ukor_de6LfiWflhsJzSw,atakhan,1,9,,,
NA1_5433982718,wPkgR0BqY1u9lSGoyUdWRn6C12b2NRX9NKJAbmNSrQ41olf5N1hh3T_dGHXN-rE1SFPsojAlr3JZew,atakhan,1,9,,,
NA1_5434942325,3Sp93jah-29ZZfzPtyLZpY7DoyWUDJ83-x2sqejj5cQlVZPzRQHmKAOgeSI74S5BzSWjP1bqTFilfw,atakhan,1,9,,,
NA1_5433117336,m73JeoMYHOJxAEs0lFw93ovGsJNg9oE2WeonjbaTkoW9gCSrPUCk5JMtCwqHWzw-uNFQVqtafrYtpg,atakhan,3,9,,,
NA1_5434695085,w2MzDmplJaC8zZhyyrNuQEkKXFq3qdMVjCO8M-ulUVEFgZn9nWM1TpurlZ_tsQGddCZ_d7uIcdoiRw,atakhan,1,9,,,
NA1_5434695085,Fs8U3adE8x1hwcLJisJycqX197fjgjBSHNcQ1hnsmtetnY8uzXNU_xht9MUtQPaAx0y1Lp8EqCgnog,atakhan,3,9,,,
NA1_5435842500,LLOqb4Aut2RscEvX535_t3hkF0tdJau4PvcF3wLwekYUP-mGX1aMIV3urDyF8W4kbe1lqGL6uS3KJw,atakhan,1,9,,,
NA1_5435792036,PTpQMSS5Xjd4EjAWN7eMiNmLjuiuUva7-pbozPObwssRllnWj_YAWUJ9YlIDLX9sUT8Gm_kTGVyNAw,atakhan,1,9,,,
NA1_5433804952,RRT-_U6x5X0iMmVKSclv2oD11BTRDnceh00wdBBy2G_K1yTGGXrJ8DRNaDE8ovptT8NGn9eVCkWOgg,atakhan,1,9,,,
NA1_5434542636,j1KVBJUaFKB1Ss74AAydJ5vtnomwzZbIsJVgK6-lLxk0a4gq70Dg3-qEOS_c7rpnFfYRAmgv27O--g,atakhan,1,9,,,
NA1_5434542636,Khgj8JhOd5nqSPMu80dymVNE6LUpiokP_E2oLlEyJUH45P7OcvRe6Fzm1i11IuVH6lPTzMUHhWG2FA,atakhan,1,9,,,
NA1_5430258869,3xlMBswKSj5hwmwHWG86bc_Nk-AetW8OKWu0LvoxcNnKAvdmkFZewohmJLGOZehdM8G92nXYd1PG8g,atakhan,1,9,,,
NA1_5434085358,9vJBZOxjSF0X5Hd3oLzy20EU_NxyZLR8quSLmRUC3wKEbcrp4W8EXchlhkUvoutSwfuMaMPxLR6hWA,atakhan,1,9,,,
NA1_5435622525,iF1WNz3eCJIA2vduIpZvQ-bZYDt_9p-G_7vaCnRdP2EkvBjLsM0-YwA5Lovbg3jdP-aUPMjqKkpdPA,atakhan,1,9,,,
NA1_5434454195,Qgf5U4biqXTqsghzZ1dVWEnv-NoIA7UN29BhKvT-KNVoyJ3dNmxB0NcMwTOsrqz4_S8T2B5A-g0xFg,atakhan,1,9,,,
NA1_5434454195,rnThRfqRtGD6e_cf6U7-dhHH4KC3rVrgIwLAoJE6MfRaR_EzEPAcfkYMuuAjhXOws6a2Y-H9LU4GoQ,atakhan,1,9,,,
NA1_5434794958,O4OemQSdDI1eN1oFGh772FE13YOXN3foq2bGcc-MuLe8o_qpYuAyvwFG0x3aUqpzARF8TI0X8tWBXA,atakhan,1,9,,,
NA1_5435560144,U9DvahgukdkSXkMMebWda2xAFOz_kyn7r1A9d2_Y6T1WaQWTkRqfId_IZhKcvCPlftTS-Iyuuhy8QA,atakhan,1,9,,,
NA1_5434787821,HJJ9vs-BSC0LdWWU3w2J8kfzvsvVnoNzohrn0AxwZy2Bjf6q62yBMQAALmEGxHCmpye1NnRDoP7E1w,atakhan,1,9,,,
NA1_5435747157,OqBcJ10ZiIs-baPBHKI0MQpv6KqMGLpOpe-DrgVxDnONNbrCtNtgDMy7zL8YGyhdZolxhpbB21C0Qw,atakhan,1,9,,,
NA1_5434984868,ZSvjmKb6JU2wwGb_-RQ3Iqvs18Vk__P_J2M-w1gA0dpqK2nFLFeFAGQaxWY-pnvfWaAEWOMTNj19qQ,atakhan,1,9,,,
NA1_5432414615,upCqYf4U-nPa3j8rzj3-4w82OHTSRAMh7nMWv9CpUFCom8vYTvf-KublK1cvqug1OSWMK8jTc-A1qA,atakhan,1,9,,,
NA1_5435809895,nc22V17mfDUZZ-ZOr_vk_TWMpBzXU_cHlgp34eMRYuRko6sgbESZdCC4qMVSSxZLe-pxaHW2o_-zTw,atakhan,1,9,,,
NA1_5435911514,MuT2NLLId-_ZbocrIxFay7LYjxX1vKIBKUClt8yNG9_z_RqFtB1ksBKDFEjBkncK2APLuB1qyn-pJA,atakhan,2,9,,,
NA1_5434656925,Wv9uiGBUPsZ0E-EhZXBbYyJ4huF20SwoOskigTODu1omMKKsVOrlIB2bXiq1JHxwNs9FtR7fjS_b7w,atakhan,1,9,,,
NA1_5435666250,F3euMnQczOoT8cLf7nYJkFIpUY9U4X29t5_oK-FmL41juo6uQ1VzD3B8vl9ZrK6Y8Qhs3uCSwmFvyg,atakhan,1,9,,,
NA1_5435691811,YOo746HEDhP5EVNvfUQkDV31SUnttK89zYgzRFH9ARyLQ8evY5Obvyuxq9Rg5qQHBfg4kZ2n59ftvA,atakhan,1,9,,,
NA1_5434019539,7ylt04Vn2d9l1UAOFh2VStfzQhLYl9w9n8sXiKUPiwZWz4cdnpGQE0j2bFjFQMwafqFZbzQGLU1ZFg,atakhan,1,9,,,
NA1_5434012374,IC65XUEYWbr4pXH2JG_w6V424iQCscRqJveOn5VGOmViUUauQNFaBiJxH5Gah-Bo_58_ELCzDY5Teg,atakhan,1,9,,,
NA1_5434012374,v65R1FCIHeufGpyZ1OKOyTpPISzMr8fb29UqZHlCKTODbgsYbl7_56_8YpK1bP9Ohz5buJg-t7_gvA,atakhan,1,9,,,
NA1_5433826727,M-BJj3A6mtTVS_N9NKcCuzOEcSYw8MSLzdtvYQkNN4RJIlPHx7GnajczlU4EtFezF7Ei9atSyWRSlw,atakhan,1,9,,,
NA1_5431355557,IUedoqPq38xmGc_jQqgw8ErfGptv-vDJU13TYJdrDQQhqczCpvIKhIDn0GnrJUHHsLVrmwL_0YLBEg,atakhan,2,9,,,
NA1_5432965960,iF1WNz3eCJIA2vduIpZvQ-bZYDt_9p-G_7vaCnRdP2EkvBjLsM0-YwA5Lovbg3jdP-aUPMjqKkpdPA,atakhan,1,9,,,
NA1_5435711370,JCINSahL28SjBwHkvRJlYpCMfTl06xLE1bzJYBUMOOCMIeuxPO76Ybwxz3k9UV-D7zBL_y2NYnd4zQ,atakhan,1,9,,,
NA1_5435751978,Hb4xFxwqhjpSiVy1IIw_dy4PPVEmONc5g1LbVORWFCIVn8L3Ypl-zS2IHgYVx2aCeGItchzjcgIoJA,atakhan,1,9,,,
NA1_5435751978,vRLFDlRWro-PmpuEcN-Jx1x7uTs0uJy5vGt05u1g4wtSMhId-nNsBXyr_5bbckXUQAqRieAMwEHblw,atakhan,1,9,,,
NA1_5435780122,6i98ybD91rHj4gtGfkG9CpuYNyO86x2YZEFgSWrYMdb2Hjt1uuI6D5HcmUpZbOUNCNtpGuQ2gPtUPA,atakhan,1,9,,,
NA1_5435677047,NgWS3H_dXmptgyZ8LV87J6rjhM_oPy7TmErPkwfr8aP19q8ESJqHgUfF7G0Sr97FUxJ-DqOUy6Iddg,atakhan,1,9,,,
NA1_5435755254,ldfNsTj2klIjO2a8Zi5rvePLMCpH6idGuSKJSd3_lty2ZRNqR4WslWJR_viOeGCHj1ysjohlwl4TVA,atakhan,1,9,,,
NA1_5435852829,RX9oaCD278kJi_ml2a_uRPvse_s1KIr1CPb1TQY3YY7WVTujONLOGlWctl_xaGS-H7A93kMwf2iL0w,atakhan,1,9,,,
NA1_5435564151,P7BBMS3uGugdWm7FHr9flYZDwKiK3nWHEHMVNXH5GrW_KeOqVfeANSBurPvGVxcqfm8t2Zf4IHLRgg,atakhan,1,9,,,
NA1_5435041085,dleGSwAyBJqy0Y4lyo-xru_UEOwajuXUiYyhbpfvjmjHgeQziJ6QY6CdNmPFA9EoIHePpHp8fkBD7w,atakhan,1,9,,,
NA1_5435041085,3hc7wNabUf_CRbIas0NtNE8E3MzUPEUyinoEDrXxunICKuWbWsku9ODny9QZMwRMkYKXkmJGRoYOkA,atakhan,1,9,,,
NA1_5432927601,DOidNELvs9qzFjQYhfsOkWhl-0-JLA5MLDf55FA6PriI6PMCGbvmZeWWBEv0T_WoReyY4tmdZTlkHQ,atakhan,1,9,,,
NA1_5434718768,lWoHzy9veehHlReDVPxQcgzf3WvuuuLjEbEeaWFN_oVQ-XAXUf4rxbwv-Ek-vSUht__NE3GdvIHvyA,atakhan,1,9,,,
NA1_5435334168,WPApQ0C40zZBJc7Gw-xgKbJaYGMH8kE1JuyIEUb9YIGFRVXCU7wV0kMS1e2saUBRr8LVFy0KVRf4zw,atakhan,1,9,,,
NA1_5435334168,QHlybneI_qIuOcbME8oelaRtkGde92Oh5p-V-finWQa0I5SzSM7VpKg49bVUoPL9fIt8BGfmtJM2xA,atakhan,1,9,,,
NA1_5435069306,XqITlhdHSLLKz_TxxOA-ER5ghB6O4Em6tZ-V-MATdLy2NTXIX2VUOK9e_BgGiUoTg76R1RCkkjZ24A,atakhan,1,9,,,
NA1_5435069306,zEoPhbuCZXPyp7ZA044x6Kw9t6SlsoZaFnL6kdBSKmai37Fj67rzK97EStj5t1Zng_UZEHYNtHSL1g,atakhan,1,9,,,
NA1_5433534901,b053cr3Y-e7F6hVBGeztCJs9HjGeAKM8ZYlbQH2tw-40LOdbSThOdc5NK3rq5GQnO1pELzOPnsU9ww,atakhan,1,9,,,
NA1_5433290549,M-BJj3A6mtTVS_N9NKcCuzOEcSYw8MSLzdtvYQkNN4RJIlPHx7GnajczlU4EtFezF7Ei9atSyWRSlw,atakhan,1,9,,,
NA1_5435320500,l4yh1O5OF7-k6HE2Y-8ofdyZu_6NB-EDVWbzar6nU0-N4k_kX1iiKDSR9V8qwvGpbkVtTS4wYQh-Xg,atakhan,1,9,,,
NA1_5435320500,NdI1Zz7K2UWybm2c1mg00090bn3KK9NgplY9l6YpaeFKZMMx7xQn0mCF0-XWiOAC55Mc286RModTuA,atakhan,1,9,,,
NA1_5431963680,Q88NaH917LbXvFvG_iL8cyuzbv3zRuLsS-Anh0t1yDkaHSFVULu448dqSizWappkKI08WaNiu6_xpg,atakhan,1,9,,,
NA1_5431963680,jPjgwzouikXN49gGVppsZtfdK4Op6NFCPRUk2T7OGifATjibb0Ao-wwUIaMA4Khp9Z-huRZ2c4IY3Q,atakhan,3,9,,,
NA1_5435765288,IX9QZfYjiw0NN1qUhOVVDVMmcoi9aNQ64Eq7t_rSgYTZf5WWhJkb8YaBjhKhnaZtmb3wCs-1LIKitA,atakhan,1,9,,,
NA1_5432993361,TRvkcIk2X5x2YxNsWwtqPIvskRRmMII_AlXWHl94Dd_oHyfQmq6LlFmduuKW1TaoblIh3693phEwuA,atakhan,1,9,,,
NA1_5434316925,Qgf5U4biqXTqsghzZ1dVWEnv-NoIA7UN29BhKvT-KNVoyJ3dNmxB0NcMwTOsrqz4_S8T2B5A-g0xFg,atakhan,1,9,,,
NA1_5435672414,4K8KYHbnsZuCp6jhrfU2n69k836FYd8iFnhBQb6qw3oQuTsqC1P_tuINZYQUmNgKXFoOQ6ufd2VBNA,atakhan,1,9,,,
NA1_5435461363,7ylt04Vn2d9l1UAOFh2VStfzQhLYl9w9n8sXiKUPiwZWz4cdnpGQE0j2bFjFQMwafqFZbzQGLU1ZFg,atakhan,1,9,,,
NA1_5435924289,Zgl4Af_G8dPJ0h1k4h-X8nCBN0WiRv1xzAQWkTH-yDgyk4GkOsL-f87_BkKT174H3ZH88swK8t0arg,atakhan,1,9,,,
NA1_5435489287,U9DvahgukdkSXkMMebWda2xAFOz_kyn7r1A9d2_Y6T1WaQWTkRqfId_IZhKcvCPlftTS-Iyuuhy8QA,atakhan,1,9,,,
NA1_5433027226,QVt11eHWQOgrFmhSBE5kb_K3_P7ZEX_kD5ne9QS-F8lGECx1ZtX3AIkiW8Ukor_de6LfiWflhsJzSw,atakhan,2,9,,,
NA1_5433936255,bkyyhBAPFB-cZBX3wvUucX5R7rn9oXfEpBpt9g_XjK2BCsfVT72vxzOpAUE1cTVKu8rJID2JhJFnIQ,atakhan,1,9,,,
NA1_5435864425,DxvvY-DpN80XsSW8WS4a3xz9PrSefaganXCQweemnu5Wgt04gA-ARQ0eZDUhbRVC8vn9Y4Ann2Q8Mw,atakhan,1,9,,,
NA1_5432007142,eL8tDMHRXked-cQEls2tVokG0hx49gdbrwnlePlVf-7hVHB7Ou_VNgbwXPHefw2w2VGBl1j_Q0CdWg,atakhan,1,9,,,
NA1_5434857028,71qsbBFwsftvoaOz2bIMXSUAhGNVgJiUvJEBiuuoQr1_Ob_IVb6kNaFKYw1WH5CUBRTHS8cAewCk3A,atakhan,1,9,,,
NA1_5433969478,lZXfbktUAlC9uJ8KD3EyyWrAw_WdQX9VQwgKxIZPzfZ8czXCuYpDTbCwGLT5cFy9kFFy6JWRT8NEwQ,atakhan,1,9,,,
NA1_5435241808,aFgXhHgoWoesnSJvbwWmSSpgwogNa6pcPKvbkF1lTzgWM9sV2ZSyioNz-F3QyO6Uw16IiDJFwODNng,atakhan,1,9,,,
NA1_5435241808,97_PWX_sUxP_jfjyJzT4iWzdicYqEXQL6xZMBwGQIFGiOFoK8JuqOHY9sp_kD_cAFDks3oyO3s4XhQ,atakhan,1,9,,,
NA1_5433516470,AqDrzFRrr1J7xEnTNFZ_x2oxzTG5bNebddvgRHts5LdOr3w-rfD-qCqtK_gF_-c7QJxRRMfPDvZT_Q,atakhan,1,9,,,
NA1_5435587840,lkMXDzE6EZCdPyNjjoy_SxspC7cjgzDGMKYB-VK4lqPyNJMobe9fdnAAicbvGxuHuFWKm40dc0iCyA,atakhan,1,9,,,
NA1_5435035741,rpcnMaP7qRaTPvKbmkyS2grTfrkfqz60NJ-7hZkm7SmD8ZUZJaIkio4-L35X2gdZ2F4z2n6nOZioaQ,atakhan,1,9,,,
NA1_5433412478,yc1aAVYq25M6ry3bkEJqYNUQTQLI0nby5wvj4a8XK_MfbJhdWe15Rz9tXSD5M5Pi8vYHxWcjQbXojw,atakhan,1,9,,,
NA1_5436116481,eMu6k6uFn6Mfs-yHHunsdlIQeT5-qbsZnZlNnkE91pJlyUf7qkXozrDt4kzPk94rTAuvpmRbk_fMgg,atakhan,1,9,,,
NA1_5435311115,TQ25HkYzgl_x_hQW3pe4RRR4eP-EaJs6J4fCF70p8XToar8jtckuP2O2Dm1WPABmAo4_JvZr-juVyw,atakhan,1,9,,,
NA1_5430925753,hf__ra6ZiDX0C3Vtx7uW8gST2h8T1UwYK4rannfxX5MlKhUOuREXcTgK13jDFVYNCw6N0vekkGMBpg,atakhan,1,9,,,
NA1_5435739207,8eFHbMx-sXZ9Ln2YCH83KdC1CPidLzdyWQzQycA9zqM7anvcPWZN3v_5Y98E8bVpr7tgQ6DcvedSRQ,atakhan,4,9,,,
NA1_5433888955,ZDg9ukfbSieL8Q_F7RSHnzXVeGkmv38y25AuugU4jf88g3GCuLNqSBV8wH3jqfy1_hg997j6lXqX1A,atakhan,2,9,,,
NA1_5433888955,M-BJj3A6mtTVS_N9NKcCuzOEcSYw8MSLzdtvYQkNN4RJIlPHx7GnajczlU4EtFezF7Ei9atSyWRSlw,atakhan,1,9,,,
NA1_5430849655,LQAazHOKDq7IXTz68qFLNjVgMeH1lNV3UqVQZvdhQZYJVwd03Wxx9HcpjLm9K6cNDCKNhB3FtCFFZw,atakhan,3,9,,,
NA1_5432840852,P1VmHbTZUigfPQvmQFoGz39WWExDgCPqxLSoODePeC6bASZHoIbRqAmo24nERffBKDCeaa5UoRzn6w,atakhan,1,9,,,
NA1_5432043441,PdxdqJWgPAi2kNJyPf2XneC7fjVy0fRKZ36QwNmyjb3_IJDeMORd9HWVNdy36bKzQQjiZnwLhcBgww,atakhan,1,9,,,
NA1_5433455080,6c96Jxy3mSQjc6uzISK_AnzHIA_YN5aCeAoatLvVL1SJPpT8mfaB9_cZhp7V7bJpBuGIXcsElTJdaA,atakhan,1,9,,,
NA1_5431760190,tu6WwFQgqJHhO2-coK2NkVwrZ6hdpLvs8HQHg6yBHbjfwKQ0onwr5ppNcbYUPD4lrHNtUrzFSSZF9Q,atakhan,1,9,,,
NA1_5434064100,5hGq-TQ62Lhe-mj2RzB_tCm5aEYIRP0tvlo_NFh_InmU7p5FCUTFZCu9_UaBqu59DECJBdHL8YWLxw,atakhan,1,9,,,
NA1_5435304356,1tSPTZy7mHWDcnGG6kbc_SBXih3mtuyq0CQ_oTU14CMBZczf8JGugg995jman6JyyUy-xTAeYGY0xA,atakhan,1,9,,,
NA1_5436113441,8pEfLZYlYOJcWkCta9QmE1cDmwk2i9YijdHSqE1j-MPGAOyV1t0pf_Q4elOgXxg8iGeGaoi2eBGwNg,atakhan,1,9,,,
NA1_5432886558,uvSJiToy2NLomJuONe_uBp-4HNBIlHAQ2hk0w7ijPcThG7lwkhu3fYEK0fIRe5aCGz8MbdktLJTP3g,atakhan,2,9,,,
NA1_5434532329,dleGSwAyBJqy0Y4lyo-xru_UEOwajuXUiYyhbpfvjmjHgeQziJ6QY6CdNmPFA9EoIHePpHp8fkBD7w,atakhan,3,9,,,
NA1_5432275039,WU83u4Hovf0dWFf6XE0hdrbw9uGTYn_OUnf6-E2r5SDXreKwiK0QF0VzgYwazCenX-VDItNwvQXFuQ,atakhan,1,9,,,
NA1_5435624468,8jhHDqjKk1K5bpzY_KJUog7grcG4kyM_6-mH_SyXsNRZXGJzB4K0L511syTHlHZLuJBnbkol80VjuA,atakhan,2,9,,,
NA1_5435624468,9BZMrRKwQtuL3pRW3WWPA8SR1i6ay7VYX9FAUwsgypBh60Q3gqThRqwTzP_MCrGb_t93B7ROR7MuPw,atakhan,1,9,,,
NA1_5433093475,TRvkcIk2X5x2YxNsWwtqPIvskRRmMII_AlXWHl94Dd_oHyfQmq6LlFmduuKW1TaoblIh3693phEwuA,atakhan,1,9,,,
NA1_5435294565,Y38vOBYGmiQlkgLJgxw5jPMeXeTRReAm2ah1OJo18JUzK1KhXsTWdtc0rOhBJk7n3-llD3xtKKvsMQ,atakhan,1,9,,,
NA1_5432985041,9rrM-o2VUpngPjTau3cDiDNQ_l31QB_-Po0negxgN9aR4HIycN5woTNoJu8EiXaznTjPGysUCpN_Cg,atakhan,1,9,,,
NA1_5433960751,4v9LBxwif3lP5mWNxP4JLprs5FtqH6UcShLMl8ja3nuzB8FvDCCnQ83eKvUH1obp5C0ae6LHJsMJyg,atakhan,1,9,,,
NA1_5433832355,DSwvt60JAQXXvuinXjBazK__ySOQd1XjuD-0CIlkK1wiw-nrxltHv7ilcuk-JLSQvwy2SZm8R3mCjw,atakhan,1,9,,,
NA1_5435448540,QHlybneI_qIuOcbME8oelaRtkGde92Oh5p-V-finWQa0I5SzSM7VpKg49bVUoPL9fIt8BGfmtJM2xA,atakhan,1,9,,,
NA1_5433353256,omY8PD4O5i-86XbDWCawARIVjXUgHwIgKGZ-LPbH2eNGbY1aC9Vb_JxJnmYgtqFpGQFPO86C3C7f8A,atakhan,1,9,,,
NA1_5433915344,T5VA1fv3f1LdezTmpRZTOVFpVltwS-ZgVylnderHHGTNOQI6Au05dxHaIFC2012Hjdnpqmr8UocRmQ,atakhan,1,9,,,
NA1_5435571666,lkMXDzE6EZCdPyNjjoy_SxspC7cjgzDGMKYB-VK4lqPyNJMobe9fdnAAicbvGxuHuFWKm40dc0iCyA,atakhan,1,9,,,
NA1_5435280623,hf__ra6ZiDX0C3Vtx7uW8gST2h8T1UwYK4rannfxX5MlKhUOuREXcTgK13jDFVYNCw6N0vekkGMBpg,atakhan,1,9,,,
NA1_5435606165,0E_fijf4Gu27eEoXp-4XJnqSVWRY11LhPNWhSJLZWHL8bS5dffZHWyIItxx6f3ab517s9wbvNAVtAg,atakhan,1,9,,,
NA1_5434142517,1rbCrk74CHaSoqGUE276xKcbgV0J516vhf71q9LG1U7oA80jJYfi7vOXvL8RaYhfhMfYwAoiSD1TUA,atakhan,1,9,,,
NA1_5433849420,Q1jU8rfiFy71YR8E5j1Uyg7P5SNxodEw0Wyt9lugvwCVWmwO7zPj_5D3FB26XlfDZbR1Z4mzUdnMlg,atakhan,2,9,,,
NA1_5432403333,fo13FWAxTHGrfLZkoKtqhZDEEEEgiE9HHVh4Yn3eIMV917sXVAcS4FUe43pYyzt7_H4D0C2nFp3yzg,atakhan,1,9,,,
NA1_5435897114,HxBVWsoU25JMPj89b_mqXtHTXmjC-yEpsNw7tF8GONTcSZjMk2QpM_bNoZE58prE31Zd3-QU_snqXA,atakhan,1,9,,,
NA1_5433089384,dleGSwAyBJqy0Y4lyo-xru_UEOwajuXUiYyhbpfvjmjHgeQziJ6QY6CdNmPFA9EoIHePpHp8fkBD7w,atakhan,1,9,,,
NA1_5435508641,TQ25HkYzgl_x_hQW3pe4RRR4eP-EaJs6J4fCF70p8XToar8jtckuP2O2Dm1WPABmAo4_JvZr-juVyw,atakhan,1,9,,,
NA1_5435654479,zMDVvNubWdYJGHsbZYlxXnu0mu0u5jkEYHxKrN4Pzbhu0VxQegmD3d4SVqBFu22c5So-uXNGtbGiYA,atakhan,1,9,,,
NA1_5435654479,JXziU3R9Kvx82lYZ2wDNS1iU7oWC1tXxFYGqwU2FKAbUH9Ualm-zcF2nKdlfSWJBS5UwrDB0yN7LEA,atakhan,1,9,,,
NA1_5435408173,EdNUzkCzmdBIU5MjbnFmY1pzyHU83DjLs3rUHic3onJtb0Jbfkue79ByjiMPO6E0WCqo-QUQtXFzNA,atakhan,1,9,,,
NA1_5435408173,KtAJPnkX-InW3x_v4cKCXH9eqeQjukfwrxU3Hno6MfM_uf2skap5Gr5UXmhTwC_EvkihyvILwSBbVw,atakhan,1,9,,,
NA1_5435408173,n4OgUhuX8HqR7UySHv9v83kBzravOzIkAlwDfEYvn-D7zSY4SuHhuzBvupvmKKgPjBXVDXzNN1lxXQ,atakhan,1,9,,,
NA1_5434725427,zMDVvNubWdYJGHsbZYlxXnu0mu0u5jkEYHxKrN4Pzbhu0VxQegmD3d4SVqBFu22c5So-uXNGtbGiYA,atakhan,1,9,,,
NA1_5434676327,zEoPhbuCZXPyp7ZA044x6Kw9t6SlsoZaFnL6kdBSKmai37Fj67rzK97EStj5t1Zng_UZEHYNtHSL1g,atakhan,1,9,,,
NA1_5435725463,5aLsvY2SC2vrPV7A4aqgH2J4bDog3uLYkzm6rhcrbLIrQXBoruQKzzJgmqmxcOmyNAuRcOFpt2ZsfA,atakhan,1,9,,,
NA1_5435725463,2hB5px29jNe7_RGtcCwe3_-fha2Xgrp-IXiejOinexsGE5z-IEzOGLNUOCWUiMgyknQF-SrnAoCyeg,atakhan,1,9,,,
NA1_5435888878,3Sp93jah-29ZZfzPtyLZpY7DoyWUDJ83-x2sqejj5cQlVZPzRQHmKAOgeSI74S5BzSWjP1bqTFilfw,atakhan,1,9,,,
NA1_5434636162,IwyKFm1cfoCvdaC8-LZQ_4wDzGvO5JnLO3aCytwrgdOssvzugM8jXMj-Jen5H_R9fPGJitsjhC12WQ,atakhan,1,9,,,
NA1_5435646224,tu6WwFQgqJHhO2-coK2NkVwrZ6hdpLvs8HQHg6yBHbjfwKQ0onwr5ppNcbYUPD4lrHNtUrzFSSZF9Q,atakhan,1,9,,,
NA1_5435291994,ba6DkTi6yQ6_ER-rxe0AkAAqoEaQNupQ519C8y6QkhkNWRui5KvThqVkTjKXTlyqTPW0TacC41ki1g,atakhan,1,9,,,
NA1_5435767359,IYmv7I4xEoEGaMTlav6gcvI6GqOH-eWPH2IwH2bxOZAtlL9tI78zgfgsA3BJ6eZzYiOCRoCplu1Oxw,atakhan,1,9,,,
NA1_5433704546,HjYmvqt3p8tkX94zthZx0AMugiuGn3Y2eY3c_W2ZaUQr14RBix4Ug51C1V1ux4Jgp9Sl24-QKRxAEw,atakhan,1,9,,,
NA1_5433704546,dn33FCsKPU1h7Hrd0SlBFVd7m2atoyBsYrdJ-8uBKIOAWjZtsX36GsR3fo563Jiu2r3brCgzgnvSmg,atakhan,1,9,,,
NA1_5433360985,HxBVWsoU25JMPj89b_mqXtHTXmjC-yEpsNw7tF8GONTcSZjMk2QpM_bNoZE58prE31Zd3-QU_snqXA,atakhan,1,9,,,
NA1_5433360985,1Wh-WDrtJPEbogLGfEDws0yDfwvWFPt5Q8c8qvEnee-iXUj3ujLvrE_oScwQiTmml5Eqd4ON2mIDng,atakhan,1,9,,,
NA1_5433748117,DSwvt60JAQXXvuinXjBazK__ySOQd1XjuD-0CIlkK1wiw-nrxltHv7ilcuk-JLSQvwy2SZm8R3mCjw,atakhan,1,9,,,
NA1_5433748117,jRVq8Ay7BqTZ9dD0jSODCRQ5Oj2xmYjOl0e2L2cM0XVSwpNJbOaoFL81wVVnH0d7A3XU-yBJRlPu8Q,atakhan,1,9,,,
NA1_5433850759,oex6XXNheAiTO3FMwXf02OvscaWzeKF3gsuZyLCTjvxfDus1W_g4215-Y_E1Ze9ytMr3sO0M3lfibQ,atakhan,1,9,,,
NA1_5433850759,zMDVvNubWdYJGHsbZYlxXnu0mu0u5jkEYHxKrN4Pzbhu0VxQegmD3d4SVqBFu22c5So-uXNGtbGiYA,atakhan,3,9,,,
NA1_5434830391,9UpQbg0U8VoX6NGgLNpX9MFjDBLPqYPHurV3IYZ18JyDwiaIuBkSuSot02nhbaMHosVbNOy9WvBTOg,atakhan,2,9,,,
NA1_5435612357,9WBXZ7vnKDeKqVO_9ISOHMGcIIYFTG6_jsYOpy2WxDfwmgAW0uvn4gbAUsfNuoxRSL9HcHJ-6T3UVw,atakhan,1,9,,,
NA1_5436082782,M-BJj3A6mtTVS_N9NKcCuzOEcSYw8MSLzdtvYQkNN4RJIlPHx7GnajczlU4EtFezF7Ei9atSyWRSlw,atakhan,1,9,,,
NA1_5433913389,QykO9i33zQCKczKGf8w0fM-4I5IT37z8POlYGxMA-QL7VPpXYB7IZGiDVrGPQ8eAnlxlwMISvs1p0A,atakhan,1,9,,,
NA1_5435830510,mRIWjVYOP6smhStjuK2nfXGSq2H4G97fmAjG-IRMru7d924c8vnMUOhqDfVAzNbqUAwBrjl5xrmLKA,atakhan,1,9,,,
NA1_5434900795,R4KedEwgODAXW3670dCj_zEolpPE8feS1MUlpgFC5GCHszqK3-zWMRq4Rv5igUnKI6X5TacNTZR7vw,atakhan,1,9,,,
NA1_5434950888,io77xhK_oSwFxhaBIz9lpInt_CW3zNoa1I362vz9VPX3vyFioEGsuygFVJhc2wUeSyWU7RpQ8v2X-A,atakhan,1,9,,,
NA1_5433125611,Xl1pTUrpkq-YynZNIMvbRAAgOdfyMiOQ8wdkjbxiScn-xuf3kdazgfCvSVFduzZYqcPxUjLQiYw8sA,atakhan,1,9,,,
NA1_5430838377,q_SdJgYCQFRvdokd-sZNucx7MqfzRKK01N040pIfZXhkJdeGUTMN5Jk_yjO2byzn4_B7YTPWjkjCGA,atakhan,1,9,,,
NA1_5434479069,exnihPwVai7-PMQPQXWxoRpaqPWMh1XUom4kGZt-h8nLfCGwEcZEi4yNNbwCNMUa0AotBN-SVJ30iQ,atakhan,1,9,,,
NA1_5435176791,jT-QQgHSnCP6gIXcu_OvK-ZqHw0ltCM6OGq_CsmUzy4K_PvjyUz5fL1gNAoTSt-ceQ0MlloHOjUxEA,atakhan,1,9,,,
NA1_5435932566,n4OgUhuX8HqR7UySHv9v83kBzravOzIkAlwDfEYvn-D7zSY4SuHhuzBvupvmKKgPjBXVDXzNN1lxXQ,atakhan,1,9,,,
NA1_5436046031,YOo746HEDhP5EVNvfUQkDV31SUnttK89zYgzRFH9ARyLQ8evY5Obvyuxq9Rg5qQHBfg4kZ2n59ftvA,atakhan,1,9,,,
NA1_5435786248,YjllF4DTbZCcKwGq3uQZTcICG8OiCq675XvBS2zbLYZ2dNgh9JgxRtOcels8LOVFkCNlo5U3TmKvDA,atakhan,1,9,,,
NA1_5435786248,0lesutBIOjh1ZhNHOqIdRZAnWvo26o7DrdYrrmC2wsmGDikzYQk7f2-yxTrgT3EmBNpqGTElEPPALA,atakhan,1,9,,,
NA1_5435786248,cUvRo4BTsFPl2H0fg5sRuBJTwPRl9mqVcHA3Gq1nrUTIH2zibl9tL6xGQ5sMHVuja1ntj7GmC2_B_Q,atakhan,1,9,,,
NA1_5435719792,CUw5QWzlzTjXnHUjfKyTpLZ8GiPM6kGhUZOjfmYHLzBUwRSiepmAQzqAaZZHR2RUtsEdoTinFac3cA,atakhan,1,9,,,
NA1_5433385357,-rZsN1AjP8m5UE0ImG_XAt7TecXnfmpy2Z9Kn6aDKk5s0qkWHpHNw57QjOsCruEEmveiFgeLVJzRBw,atakhan,2,9,,,
NA1_5433385357,c8nC_FkY0W5AWEqRv8IxQI3mbYdDmS7jlIOC0hjyDGHmbDWUAiv4WCCxogpv7tri1UX5qGPph5YyOA,atakhan,1,9,,,
NA1_5431877162,qpySrBPHPul2VtJgRN43eYlbFuMkIiZeEwwuODGT6hDEc14o8PrTMkX4QR-HYZyCCdWpI6jIssaUiQ,atakhan,1,9,,,
NA1_5435735110,Uj0zRjLPB29DVRM3UjYkx1Hw32UvVoj78yMRdgZvQRrr6YpWXEfWpw1jH-d1WuDO1VxmUUIBVwrc1A,atakhan,2,9,,,
NA1_5432487352,EqKzhtw5zHrVb2kq_A7jduSbTdG4rZEKuT20iNTjZ9eUGeznyqIupQdlVd4q1Q4efevClhBmIQZeIw,atakhan,1,9,,,
NA1_5434058463,BJFig8rlF6k5xjQul1K83QjxPK2BTCf2U-JT2IEZ4XtB3LI5DaRlBuRmR3UWUXjL_kwgqICaBOLHxQ,atakhan,1,9,,,
NA1_5435748709,oOW-4Ps_M88aENLbVm_b8kmJlogEBlFWD1B3olsg6xg9hDDlWnmUYn5tUzFnZjK5JQk9Is2UlFimVQ,atakhan,1,9,,,
NA1_5435578437,9BZMrRKwQtuL3pRW3WWPA8SR1i6ay7VYX9FAUwsgypBh60Q3gqThRqwTzP_MCrGb_t93B7ROR7MuPw,atakhan,1,9,,,
NA1_5435992045,1aMu3AhPt_by438uU_mW9cTwLLsB3j1-_tGw52SMkcWeq-Cg-PSzi9x-MFpJoe8iNcxut2F5beoZ2A,atakhan,2,9,,,
NA1_5435992045,lkMXDzE6EZCdPyNjjoy_SxspC7cjgzDGMKYB-VK4lqPyNJMobe9fdnAAicbvGxuHuFWKm40dc0iCyA,atakhan,1,9,,,
NA1_5435978132,Dq-bUqJSOWWdvX5wzzKwE4ixl-dBh_XHa5eM3kGJQbMEfhqOObWbbuAkBGHAYwI2u98udk1gaCE71g,atakhan,1,9,,,
NA1_5434937472,jPjgwzouikXN49gGVppsZtfdK4Op6NFCPRUk2T7OGifATjibb0Ao-wwUIaMA4Khp9Z-huRZ2c4IY3Q,atakhan,1,9,,,
NA1_5435370765,Y2Y6DBpqliv3naz48s4kICwmWWv9anFInbq7VNuZscfDyB8sXTeT8Z61gsoh2kEIIQe_dhyuOki5qw,atakhan,1,9,,,
NA1_5435277842,v-Xfofpi1rCdoDotdLM_3w9_JDrv3p7bJ8o2nn0kMYlthT__i7FXfaDdIepmVbkOF_TTvrQiWOtDAQ,atakhan,1,9,,,
NA1_5434627175,5sFmW9GC5dLVffEgTK0ylygtz8v5ugOmRW6oUupVi2mcC6440zO2W-JIKyeJ49s6IJDUi0-IW2EVBg,atakhan,1,9,,,
NA1_5434905515,71qsbBFwsftvoaOz2bIMXSUAhGNVgJiUvJEBiuuoQr1_Ob_IVb6kNaFKYw1WH5CUBRTHS8cAewCk3A,atakhan,1,9,,,
NA1_5435762989,HxBVWsoU25JMPj89b_mqXtHTXmjC-yEpsNw7tF8GONTcSZjMk2QpM_bNoZE58prE31Zd3-QU_snqXA,atakhan,1,9,,,
NA1_5434784572,jpBC3P_VSP6UVmU437xKC6PBH7sLvwVG592AbVTgY9dLVbQIRqQq0HJwL6PdxWdfMABzMSmyZbbApQ,atakhan,1,9,,,
NA1_5434704998,EtC5BIy4VCPFiiX3S77sRvflbDcWXP5SvPEIsT2CmPL7eM3KeKyWXFfzoxmEipEiMtbgCrLQAUkd-g,atakhan,1,9,,,
NA1_5433693074,QLJldtXKibTtiBoY2Vhg8KghA-ogptq4pqhv92sUJAxNAtvL08TYg7c0_4DEetTJ2PkMDcpsiMoq1A,atakhan,1,9,,,
NA1_5432333526,os2XidA2_zFlV6BstPcihSVQLAqNJV488e7BsjLnx7MP3xyqiFZOLAtPFPokUjImYovjTn-rZnql-w,atakhan,1,9,,,
NA1_5434251563,j1KVBJUaFKB1Ss74AAydJ5vtnomwzZbIsJVgK6-lLxk0a4gq70Dg3-qEOS_c7rpnFfYRAmgv27O--g,atakhan,1,9,,,
NA1_5434251563,fY4vZ1bb5i37oChzFw_KCe6YL7W6cqI0sz1cB8xKediidHuXxUSJQWU1VOz7OfYg7zbbCpmCdXN79g,atakhan,1,9,,,
NA1_5434042078,Q88NaH917LbXvFvG_iL8cyuzbv3zRuLsS-Anh0t1yDkaHSFVULu448dqSizWappkKI08WaNiu6_xpg,atakhan,1,9,,,
NA1_5435893873,9vJBZOxjSF0X5Hd3oLzy20EU_NxyZLR8quSLmRUC3wKEbcrp4W8EXchlhkUvoutSwfuMaMPxLR6hWA,atakhan,1,9,,,
NA1_5434376437,B6rYH-Vdz7Bqi6BYrzIA0jMXveGy-N16p7WgVpx5HwzrXnQoddGRiNQeocRPyfcPITl0PfFWSrpZOg,atakhan,1,9,,,
NA1_5434860491,v65R1FCIHeufGpyZ1OKOyTpPISzMr8fb29UqZHlCKTODbgsYbl7_56_8YpK1bP9Ohz5buJg-t7_gvA,atakhan,1,9,,,
NA1_5435748011,1rbCrk74CHaSoqGUE276xKcbgV0J516vhf71q9LG1U7oA80jJYfi7vOXvL8RaYhfhMfYwAoiSD1TUA,atakhan,1,9,,,
NA1_5435530414,vTPqqWlbBCGm5Kr6k9fW8Kc5VllbfnwoyYgt4x3d3xrP31eFlzxBJBsIxqnMjvW6_3TDbGk2UwYgcg,atakhan,1,9,,,
NA1_5436053679,yjXX34eMP1dmmnKN7zWfvFS_6ahT3N5uUwGY3emj1BxFyiptWFQA_sw-fn1hVI2G54GTE4iHBix-Sw,atakhan,1,9,,,
NA1_5435563308,3hLHWvQxNVz186SEyliaf8FSprTtqdNWaJ86bxR3VWhdzyx8B5rRYtgczjH1G0WytM91HRIVY8IOrQ,atakhan,3,9,,,
NA1_5435563308,9XqCVIEtLCVsq9Nz_hr6e9xaCL2E5blUwNgS3j_wgFNU616tAcNCSR3lRsxtFv3yJvb4gFQA3R-rOA,atakhan,1,9,,,
NA1_5433817548,HjYmvqt3p8tkX94zthZx0AMugiuGn3Y2eY3c_W2ZaUQr14RBix4Ug51C1V1ux4Jgp9Sl24-QKRxAEw,atakhan,1,9,,,
NA1_5434880391,7uuXsBsR78wg_Gd7pGqK91iQCtsezNpwXc1sD9qNhox6ZL-8fB-a2sxAFWZrwhK-15Edj_e9iOBfFg,atakhan,1,9,,,
NA1_5434972760,txIM9hZooNk2bFXr_5Fxn2FxVnvyv6NcMBt0_MYFdb_bAvmDsTuXlnGO8qY3FE-gq7zF_rdZTYucZw,atakhan,1,9,,,
NA1_5435957190,Tu_PiW47rZqBZlmuN51Db6n8hA86yvfqJ_0w5T0jKr9jZ5pr0dA6U8h-_Zhk5bsazCbnlWGU7kPcFw,atakhan,1,9,,,
NA1_5434755299,AsbQ7cy8YT74aWXJZYaGlgHSKKCILBSUhMzNF-_jEChkfhj6OsKSjbRrnqZlD_Sm3gV7zo2qc9UgBA,atakhan,2,9,,,
NA1_5435450823,vRLFDlRWro-PmpuEcN-Jx1x7uTs0uJy5vGt05u1g4wtSMhId-nNsBXyr_5bbckXUQAqRieAMwEHblw,atakhan,2,9,,,
NA1_5435600262,iF1WNz3eCJIA2vduIpZvQ-bZYDt_9p-G_7vaCnRdP2EkvBjLsM0-YwA5Lovbg3jdP-aUPMjqKkpdPA,atakhan,1,9,,,
NA1_5433154565,ZP5-0AzhBRCtJMJdOTwgicKTauMbJSPDlL9bO9Ez02MKIe-vi_gd-4bioSr-JHLtRUUWj7itLU0V1Q,atakhan,1,9,,,
NA1_5434772502,mWtS5U8qtYQFsLvt_Mj25Inwb0o1IukUiIE8KRBIJoj481OKBMLFK6ohpDOna3aCPfwzilxSGngxvw,atakhan,1,9,,,
NA1_5435960172,bUTjAbpzNAPXXgtBYD2CNQFHpS-L85K4s6fO51Pd-LR-pcaV51wY5qIPi_z50bqMzzaj4tjVav2_ww,atakhan,3,9,,,
NA1_5432969724,t9IfKj74T0sDl4IB0ArOzZX8pTiZdmUv6AVLn7dqQkVYuiWJn0kY_CLJ7VkyOGvrOren7R9bB43aiw,atakhan,3,9,,,
NA1_5435548062,f4Ww72ZZi8EgDXWZSLTNdBXu1O4RptyZJYgrlF3PMq9727UtLA3snzfLHzYRbrkbbcnFYnoinYjoMQ,atakhan,1,9,,,
NA1_5432032952,ZDg9ukfbSieL8Q_F7RSHnzXVeGkmv38y25AuugU4jf88g3GCuLNqSBV8wH3jqfy1_hg997j6lXqX1A,atakhan,1,9,,,
NA1_5431954700,nn3h5z3PugPwJKlFrmN32_yjHlYwSH6I9vZfI6jP0VD8qZaam1KjpRwuEWozblm4qvZKIYo8C69RGw,atakhan,1,9,,,
NA1_5434890352,lZXfbktUAlC9uJ8KD3EyyWrAw_WdQX9VQwgKxIZPzfZ8czXCuYpDTbCwGLT5cFy9kFFy6JWRT8NEwQ,atakhan,1,9,,,
NA1_5435868964,j1KVBJUaFKB1Ss74AAydJ5vtnomwzZbIsJVgK6-lLxk0a4gq70Dg3-qEOS_c7rpnFfYRAmgv27O--g,atakhan,1,9,,,
NA1_5432624063,m73JeoMYHOJxAEs0lFw93ovGsJNg9oE2WeonjbaTkoW9gCSrPUCk5JMtCwqHWzw-uNFQVqtafrYtpg,atakhan,1,9,,,
NA1_5435436620,2uLuIMo20NcQ8agJKrryzXt9paI1mI4kuvKKQsyrQKzrnKPHwY_LU2VW1gEhma4nHwO12OuWMqn4ug,atakhan,1,9,,,
NA1_5434951610,ppcXTc09D38R2s37HaUQ-mwfJOQYmRcuob4YJgnXD24QuDduzRdWpihYot9c6rsHLpFKu-AderZh4A,atakhan,1,9,,,
NA1_5431829105,1PcMpTnU9b28qs9lXOJHEziF55T_AsPK4TCr5UU1p3cDldqUENoykuYGQ6gJJr5ROJb8vPJKVj2xYg,atakhan,1,9,,,
NA1_5433207938,1VlU3n5wOT5GyaZ6-UlZf7Wn5LT9t_xKw6oGea8hr6CDyQD5QoeVzMmQhdFM5uWWNaLrK__1GVjcEw,atakhan,3,9,,,
NA1_5435846477,7kQ1YK6GUFbLhDl5_tKgJulPrdnG8Oim2kyeG9P6ZDMEL_oWFA8KvBcVaxFbUvLw28ZRKmxFI_VVAA,atakhan,2,9,,,
NA1_5435925811,5WLpm7R4ldJn2m4HQHDNQNKYhaf45DDdteF8QNQT3Wh_Vl6Jfesm5Kr488bLAhpA1WKrt7AIeg9H-g,atakhan,1,9,,,
NA1_5435045864,PzAllVgtGYmqFjFN9vxAr28LxD-e4_Exw8wVqRhbfntesM0U4je1s6e2udNo4_L_B53bC1rEgRUiog,atakhan,1,9,,,
NA1_5435045864,aA_WeIB7ZrE85xtLOrEdRrx3YuAvzplZADJcyBAAr-oaSxl0HR7YOe2_ZA11Eg7dPB3MN8Tx4s7bWw,atakhan,1,9,,,
NA1_5435504034,PQsu1BLhLKgypyRIe2FB_Ljcf-FhfYHo4G29evuAD-D9VPWqmr_T9upNRzwpmD2x_8jU39iQ4xGC_g,atakhan,1,9,,,
NA1_5435681270,1aMu3AhPt_by438uU_mW9cTwLLsB3j1-_tGw52SMkcWeq-Cg-PSzi9x-MFpJoe8iNcxut2F5beoZ2A,atakhan,1,9,,,
NA1_5434675259,coyQD633SBqjci7XcYBlj5Uw2j0GdIc7Jy_gqThw5lbbfWA4wfWDBkrNQXFYA4qlKWD6-3bBl9y0mA,atakhan,1,9,,,
NA1_5435236504,8AEzkT3k109p5cal8crHmI-l7n85lHe6BojOfKICPQbynxQcBag-xeBW1f2O0Thr2-DCbnm_lNturw,atakhan,1,9,,,
NA1_5432879112,fuaB2CKnUmqqTcNPSqAOR6U7UmvzYzlB2Gjmce8PHqFocK7V-Wtpa_spqAdlRz9uNjDL3MuBDg8njA,atakhan,1,9,,,
NA1_5434868873,iBbBcJfWMsievz0ClV4C2G2xrx5ykGnkDUgavPe7Z6_kE5As0O7dykb3lxHRIMtEUg4i1bDc_FcM_Q,atakhan,1,9,,,
NA1_5435575136,cIU4YgqAUfZdsZVYzRQyjApYAH-zbESIEJ2mhx7VNyVShlBNl-fefqOyasaXpuycFQhCYVjgQa_rtA,atakhan,1,9,,,
NA1_5435575136,U9DvahgukdkSXkMMebWda2xAFOz_kyn7r1A9d2_Y6T1WaQWTkRqfId_IZhKcvCPlftTS-Iyuuhy8QA,atakhan,1,9,,,
NA1_5435558649,JAKw6fAArRY5sIZaE1dYM7tK3ZKvBVIbHguqEtW4o6AmhWwZkFtjSqc-Aow4IawTF9qvEhIob2nWeg,atakhan,1,9,,,
NA1_5433434868,mwujS7lBvn0dtUqd2gn9NukxZ7gYBvAA20MpmRatS1l-sAIP9cD2efQBM9Kf6M9RMPSXj4EDthSgdQ,atakhan,1,9,,,
NA1_5433434868,0XDrr4BDQegF6nZ0aGwwG2KkJ9h8AkAkWAVM7JgtVdJa0GBZ9RCSy0YsmPyjJtI3az3d4__jGYuW8w,atakhan,1,9,,,
NA1_5434785913,Y38vOBYGmiQlkgLJgxw5jPMeXeTRReAm2ah1OJo18JUzK1KhXsTWdtc0rOhBJk7n3-llD3xtKKvsMQ,atakhan,1,9,,,
NA1_5432557333,HjYmvqt3p8tkX94zthZx0AMugiuGn3Y2eY3c_W2ZaUQr14RBix4Ug51C1V1ux4Jgp9Sl24-QKRxAEw,atakhan,1,9,,,
NA1_5435064945,4jdPNbR5P6Y2AZq64EHn9O6lEp_wq3E6GeqSDvqT8ZmFSBqTd6Pj6t7Z1F7ub3r67szD5lDl6PguVQ,atakhan,1,9,,,
NA1_5436175795,M-BJj3A6mtTVS_N9NKcCuzOEcSYw8MSLzdtvYQkNN4RJIlPHx7GnajczlU4EtFezF7Ei9atSyWRSlw,atakhan,1,9,,,
NA1_5435920096,HvvaD-GD9VTP3ROBKHASUCmjMf5ZHgHWeAI7R4Pc7F23jKEM4LCzDHCNCtb1qd_iEBUrehZOd0B81w,atakhan,1,9,,,
NA1_5434645656,M-BJj3A6mtTVS_N9NKcCuzOEcSYw8MSLzdtvYQkNN4RJIlPHx7GnajczlU4EtFezF7Ei9atSyWRSlw,atakhan,1,9,,,
NA1_5434645656,zEoPhbuCZXPyp7ZA044x6Kw9t6SlsoZaFnL6kdBSKmai37Fj67rzK97EStj5t1Zng_UZEHYNtHSL1g,atakhan,1,9,,,
NA1_5435313968,i1ms3GWQWct_MGLxu66HOAQ9i5A-Mr1v3dUwigbf1oQhb4oxq7hp3jpDr18VsHigN8LPfp_kgF3ovQ,atakhan,1,9,,,
NA1_5433069284,ubqyKqvBe4KMZZA8RPQlZiL8ntqjcQD2_iffroXYWPvgwsAZ0Hu5k_yeX0oJDBtlQ__MLCoqoH_QhA,atakhan,1,9,,,
NA1_5435007303,bQ99LnOz2spi_s7K9B08p9O8ySOgcMpPa59E8Vrn0oYmbTrkiJTnGI7Ni_XhWmOF0RXsIQWDnUnG2Q,atakhan,1,9,,,
NA1_5435921453,LLOqb4Aut2RscEvX535_t3hkF0tdJau4PvcF3wLwekYUP-mGX1aMIV3urDyF8W4kbe1lqGL6uS3KJw,atakhan,1,9,,,
NA1_5435805852,IX9QZfYjiw0NN1qUhOVVDVMmcoi9aNQ64Eq7t_rSgYTZf5WWhJkb8YaBjhKhnaZtmb3wCs-1LIKitA,atakhan,1,9,,,
NA1_5435805852,Zgl4Af_G8dPJ0h1k4h-X8nCBN0WiRv1xzAQWkTH-yDgyk4GkOsL-f87_BkKT174H3ZH88swK8t0arg,atakhan,1,9,,,
NA1_5435949818,jT-QQgHSnCP6gIXcu_OvK-ZqHw0ltCM6OGq_CsmUzy4K_PvjyUz5fL1gNAoTSt-ceQ0MlloHOjUxEA,atakhan,3,9,,,
NA1_5435949818,Br68EIvAlx8LcdNSCAuRSozkT_TqYTgd6pdrRGcimKffk3Pyj3ktCGh7H3s6uDqirzvUl6VS7lBz7A,atakhan,1,9,,,
NA1_5434753360,JbFGFLIUTVURtkYt-YOycQzl1KGhm-Kfp37UY1spwUmZWk8lj34BeBeEMS-4zcyFueWTqBk-kVc_rA,atakhan,1,9,,,
NA1_5434753360,Ac5W3YhFVWV6TAFTWv4pO57UpO7388BLS5knExeAqfW3nD-ckyDukB5-vvpLZbXEsNhmc-n7lq4AlA,atakhan,1,9,,,
NA1_5432013424,WaUIgiVe649OCMbNg0ah6FFYyESfBaDjVVCHwr7-_fT1VRUtWIxhVJ6OAyamDWsWoqb7gT3l1AhTVg,atakhan,1,9,,,
NA1_5433347454,54KN5GEZSJX_xEASJOvjNS0mIVlq2_n3zXdKjHXZxyy-8PDzllctx4E9hPTinyVvsXOVjoCJuEXrVA,atakhan,1,9,,,
NA1_5434728911,BKGKMH5o0hVKCxSPdG08csj646EdcI8uWU1KsRtf5y-FIjOzJtnuPNokPFZ9-K1nh-EahG22Mpbacw,atakhan,1,9,,,
NA1_5434960971,lZXfbktUAlC9uJ8KD3EyyWrAw_WdQX9VQwgKxIZPzfZ8czXCuYpDTbCwGLT5cFy9kFFy6JWRT8NEwQ,atakhan,1,9,,,
NA1_5432016348,mWtS5U8qtYQFsLvt_Mj25Inwb0o1IukUiIE8KRBIJoj481OKBMLFK6ohpDOna3aCPfwzilxSGngxvw,atakhan,1,9,,,
NA1_5434708575,uvSJiToy2NLomJuONe_uBp-4HNBIlHAQ2hk0w7ijPcThG7lwkhu3fYEK0fIRe5aCGz8MbdktLJTP3g,atakhan,1,9,,,
NA1_5434288969,GAee3AvnsgJmbeWwogq2vakb8wPnxiWgUKIGecNfcYXqy79u-ev1aEZCesmk-j4nG3eT2VElrkR3yg,atakhan,1,9,,,
NA1_5434584672,Llro-PisSK1AhUH2bNJILtKQdpt3saczNSGq4D3qoTXfAP2ubufarSEYahb2t9nl-GWbH25HgZo8lg,atakhan,1,9,,,
NA1_5435611219,Tu_PiW47rZqBZlmuN51Db6n8hA86yvfqJ_0w5T0jKr9jZ5pr0dA6U8h-_Zhk5bsazCbnlWGU7kPcFw,atakhan,1,9,,,
NA1_5432723810,hsI_pxMulVxB__7a5JJMWs5JQObhnqF0QjRGpT-UUUqxoNB56IYFu20HWnSJnfbim_vexJsUP3PbEQ,atakhan,1,9,,,
NA1_5432723810,ln1BoIrzdTYk6Zzdz8QontuvX2X0eKIKVmsaRxsgGxyZs_rsODtnfNpD3ZsWVQ93OQFFYA5VuP4wrQ,atakhan,1,9,,,
NA1_5434841363,uSarAY14p2ojBlwVYTmuRCvwXlVcaxlGubSygJOdyWZqy_KpxFRg_MVmmyu-sAH7zgPAcwLtghVFvQ,atakhan,1,9,,,
NA1_5436109932,fCMNlA4rk1Bl3LyP6oX56umkbrDm3ClBHPZSML76dzpnv6idI0xqU-O8CmaJv94yp-gpJ9wdydd66w,atakhan,1,9,,,
NA1_5436109932,dn33FCsKPU1h7Hrd0SlBFVd7m2atoyBsYrdJ-8uBKIOAWjZtsX36GsR3fo563Jiu2r3brCgzgnvSmg,atakhan,1,9,,,
NA1_5435267834,zh9pGRzDqZd0W8y7he1ecb5rRMbTwN04drmXEJCbhz5Zygig0gav2x39ZInJ2NnweCBmdWu1qvUXzQ,atakhan,1,9,,,
NA1_5435267834,VjHkconTOjPzXP4NQwAKKZRFxzmarPuypoQatK6mg8kB1y8ICX_LOucDr-2WuOX8fWEj67bQXyV-rQ,atakhan,1,9,,,
NA1_5434744535,T5VA1fv3f1LdezTmpRZTOVFpVltwS-ZgVylnderHHGTNOQI6Au05dxHaIFC2012Hjdnpqmr8UocRmQ,atakhan,1,9,,,
NA1_5434744535,v-Xfofpi1rCdoDotdLM_3w9_JDrv3p7bJ8o2nn0kMYlthT__i7FXfaDdIepmVbkOF_TTvrQiWOtDAQ,atakhan,1,9,,,
NA1_5435811190,JCINSahL28SjBwHkvRJlYpCMfTl06xLE1bzJYBUMOOCMIeuxPO76Ybwxz3k9UV-D7zBL_y2NYnd4zQ,atakhan,1,9,,,
NA1_5434789273,o2BUUSPa12LPqM5woGNjym7iflPOymLMeiKmIKeSr1FFqkOIRAeaU-BO4BGqF1t_KWG_z3RK45tnpA,atakhan,1,9,,,
NA1_5434903634,IjdjpaUr5m_95LEjagLCQBeIrHqizHE4JMdRjIE51sR5LEbdV7JGzf7eigCbZOGo47Xf97ztxVQ8wg,atakhan,1,9,,,
NA1_5434230114,dleGSwAyBJqy0Y4lyo-xru_UEOwajuXUiYyhbpfvjmjHgeQziJ6QY6CdNmPFA9EoIHePpHp8fkBD7w,atakhan,1,9,,,
NA1_5433657861,gGLyxjNEh39dHXP2kE_ROTP-IhDOXnE_5ShVa2SrlHaW8xyk1nARpfGQ9MCab6CXthqHgAXsMtTU5g,atakhan,1,9,,,
NA1_5434463644,LLOqb4Aut2RscEvX535_t3hkF0tdJau4PvcF3wLwekYUP-mGX1aMIV3urDyF8W4kbe1lqGL6uS3KJw,atakhan,1,9,,,
NA1_5434985931,0XDrr4BDQegF6nZ0aGwwG2KkJ9h8AkAkWAVM7JgtVdJa0GBZ9RCSy0YsmPyjJtI3az3d4__jGYuW8w,atakhan,1,9,,,
NA1_5433871818,q_SdJgYCQFRvdokd-sZNucx7MqfzRKK01N040pIfZXhkJdeGUTMN5Jk_yjO2byzn4_B7YTPWjkjCGA,atakhan,1,9,,,
NA1_5435624248,15yvYlQcClint8d5OvpYp_cnh-PJPDnrYSfWp9kQ9ijXkHUOt5XiLgR8oT-l7N9j9Txi9GgD2bQsOQ,atakhan,1,9,,,
NA1_5434974050,8lqBEYLur5gzDJB1CsFykKycyVoF8aZYQI-i14FQp6teJLl3eKQTHV_9L80M1l78WS4zRkX7VsluHA,atakhan,1,9,,,
NA1_5436143428,T5VA1fv3f1LdezTmpRZTOVFpVltwS-ZgVylnderHHGTNOQI6Au05dxHaIFC2012Hjdnpqmr8UocRmQ,atakhan,1,9,,,
NA1_5434828919,sG-L-tBEsKUW5pwlyGS-j0Qq7JRj2II03Rrw6m2nh9FykwlQNQtBYe1OA5C5TUUWJGU9Kqmw8SHGGA,atakhan,1,9,,,
NA1_5434917250,1VI9yUAT8Q68WuKQBw6uA_5GtL6yxH6KAyqOjerzbnnLuBicbJXtMCxfHskqD3uDPYY-rFVeQRXEuA,atakhan,1,9,,,
NA1_5434917250,-WY9VpTe_LWeDa1pIgIhN6-hm4miKh2YnapKinRiDr_4rIu12aB4dRQxO0A-pBgyn7XQ6nMqmnCHWA,atakhan,1,9,,,
NA1_5434990093,Q3y78KA5ASgjsLHRdLc6sLZScnNPjsO4fdE99LS49Jz0o-sSNWJXgqAKGyppCN10vwQN1vXxfG9zag,atakhan,1,9,,,
NA1_5431585582,wp0I-Gp73k9kSPDWYM-cGPXJNH_VJv6ndeyUh5RPSeevc6aBjFv3I17UvhvKGm5vutWOo7pJ6tn2vQ,atakhan,1,9,,,
NA1_5434874959,LTwcTHctBunWeDzWXx0OIkCjc3HIXm9Bh9mgNQ0LDUk5aAtSJMxzq0yqhjDxsUbvVnI3BV9Fp1KG3w,atakhan,1,9,,,
NA1_5435889244,tTxk4uZLaO34fWBi0oobwClfIcuFDHBaNxxf-A2CKxT9LmQcNknpfAalmlZen4aODu4UTzIfjzWIfg,atakhan,1,9,,,
NA1_5435797024,1KaDeXucgRiMvjURsE1d2q3Knr6KV5nogFVxyFLL5ezlqGXeZbiy-aNpacfSNVwhpRvggNbYzamQzQ,atakhan,1,9,,,
NA1_5435589248,FwobArWJq0Yvh53ydq5fCivxap9XPtTXRfL5WmWGBeJowThPJi8obxcsL5nZteZMFyK4i6x-S9lWqQ,atakhan,1,9,,,
NA1_5430499111,RhaL4Qs6wkOFc7cOt-gPl2sWhap3Qo9a5lh6WppWBpYySDC4exKFjuAhP9_cqbhb7zo8cXYqMc4azA,atakhan,1,9,,,
NA1_5434662354,uvSJiToy2NLomJuONe_uBp-4HNBIlHAQ2hk0w7ijPcThG7lwkhu3fYEK0fIRe5aCGz8MbdktLJTP3g,atakhan,1,9,,,
NA1_5434569263,U9DvahgukdkSXkMMebWda2xAFOz_kyn7r1A9d2_Y6T1WaQWTkRqfId_IZhKcvCPlftTS-Iyuuhy8QA,atakhan,1,9,,,
NA1_5434591811,yjXX34eMP1dmmnKN7zWfvFS_6ahT3N5uUwGY3emj1BxFyiptWFQA_sw-fn1hVI2G54GTE4iHBix-Sw,atakhan,1,9,,,
NA1_5434591811,vTsb0xoUhnaBFaesVRmwzBJY6xtHl2xnZDLo788E53sCaF8BJBp0litENqOqcCkkUqNwIaY3KzwYTw,atakhan,1,9,,,
NA1_5436070250,mwujS7lBvn0dtUqd2gn9NukxZ7gYBvAA20MpmRatS1l-sAIP9cD2efQBM9Kf6M9RMPSXj4EDthSgdQ,atakhan,1,9,,,
NA1_5435638504,99Vn455kWJSH2_rRm8YEJ-OghphWSjNPS_aM8kEsQvgGcctnw5vLSVQVdEdhXJP4s38PbikGfQ1qEw,atakhan,1,9,,,
NA1_5435614191,uvSJiToy2NLomJuONe_uBp-4HNBIlHAQ2hk0w7ijPcThG7lwkhu3fYEK0fIRe5aCGz8MbdktLJTP3g,atakhan,1,9,,,
NA1_5435614191,0XDrr4BDQegF6nZ0aGwwG2KkJ9h8AkAkWAVM7JgtVdJa0GBZ9RCSy0YsmPyjJtI3az3d4__jGYuW8w,atakhan,1,9,,,
NA1_5435614191,nND_Ixd5fuAki0ZpikzYfFB0GHX4mKA0CnLipNFqp5euiuqmVDpriSBoOv6Rgu50sxXbkSRc32Y4GQ,atakhan,1,9,,,
NA1_5435037652,5o9UFcXs8barZCYxIEQQ6d07DPCrywmP0AzsIOw91b66gq5ux8ZkqCPa6SmGHAeAZijlXcfsycwghA,atakhan,1,9,,,
NA1_5435716036,RWU2PkjchdPp9A9mM20p7fhWbwIaUfgSJ61EI1LSiFtVibFblUBCT1aJh0_xkCVW_9N9zQD0aCLxXQ,atakhan,1,9,,,
NA1_5435444640,EEa3ELsDQN65E-mwoQaEWAngSJytTbMbcEXYmfobm4YJ4bg8IbxfwW1DveJVFC2ckR5GlC7-U3I4Yg,atakhan,2,9,,,
NA1_5435444640,OqBcJ10ZiIs-baPBHKI0MQpv6KqMGLpOpe-DrgVxDnONNbrCtNtgDMy7zL8YGyhdZolxhpbB21C0Qw,atakhan,1,9,,,
NA1_5430664379,q0kNIHdC0R5Ks2Q5PQFYi1CjFVxn7xfBQcKVDlNKktA8pP2Fdj-W5vsWGXbEzPvAULKtZatK84qW_w,atakhan,1,9,,,
NA1_5431970946,WaUIgiVe649OCMbNg0ah6FFYyESfBaDjVVCHwr7-_fT1VRUtWIxhVJ6OAyamDWsWoqb7gT3l1AhTVg,atakhan,1,9,,,
NA1_5432711310,DAfEmsEGWIGWNGbQ_wfBShtjnuwg2ZzL4n92wq_wTFZ7mWh0vGfWJMuxdICCJx6n6kMeBwf01SRibg,atakhan,2,9,,,
NA1_5434206712,jT-QQgHSnCP6gIXcu_OvK-ZqHw0ltCM6OGq_CsmUzy4K_PvjyUz5fL1gNAoTSt-ceQ0MlloHOjUxEA,atakhan,1,9,,,
NA1_5433162118,dn33FCsKPU1h7Hrd0SlBFVd7m2atoyBsYrdJ-8uBKIOAWjZtsX36GsR3fo563Jiu2r3brCgzgnvSmg,atakhan,1,9,,,
NA1_5433162118,MtScozxwPtGHOOOyQg0Uzmyt25DvSbEctrqTCtHugnC76pyBNgaiVt1pNvp8cw47aH8668g993R4pw,atakhan,1,9,,,
NA1_5433911589,AqDrzFRrr1J7xEnTNFZ_x2oxzTG5bNebddvgRHts5LdOr3w-rfD-qCqtK_gF_-c7QJxRRMfPDvZT_Q,atakhan,1,9,,,
NA1_5433911589,bl3ogFxqyoIwYWezwF6dGBgscI-ntsNzD1yMncu7CBVgAv1tE9rndgHEKJ4Gqf3fYorTsIvUvgHtqw,atakhan,3,9,,,
NA1_5434760973,47x_lHW3_iV4mTDrYAia78HTt3hrpUOc2x54v2TgtR1Ky5y4AWe9kYvZOso_Oh7CXTteq8nNU3nLyw,atakhan,1,9,,,
NA1_5434760973,d87-BJ4Afe_7q22G4GEmb4daW19Mn07Y50_6k7CwqYou-qIkPOiMgHhS2xxVzuzEWHEC2dnnTbtgkA,atakhan,1,9,,,
NA1_5434281093,jT-QQgHSnCP6gIXcu_OvK-ZqHw0ltCM6OGq_CsmUzy4K_PvjyUz5fL1gNAoTSt-ceQ0MlloHOjUxEA,atakhan,1,9,,,
NA1_5434281093,-4pcTpYBu0-aZrY2rYQ1Jmaai0oQrRSEVc7ucgkLwL4o7oK77-oKAaYQ_tey64VRCOwv3mp08Z7w3g,atakhan,1,9,,,
NA1_5434806522,15yvYlQcClint8d5OvpYp_cnh-PJPDnrYSfWp9kQ9ijXkHUOt5XiLgR8oT-l7N9j9Txi9GgD2bQsOQ,atakhan,1,9,,,
NA1_5434806522,U9DvahgukdkSXkMMebWda2xAFOz_kyn7r1A9d2_Y6T1WaQWTkRqfId_IZhKcvCPlftTS-Iyuuhy8QA,atakhan,1,9,,,
NA1_5436103719,T5VA1fv3f1LdezTmpRZTOVFpVltwS-ZgVylnderHHGTNOQI6Au05dxHaIFC2012Hjdnpqmr8UocRmQ,atakhan,1,9,,,
NA1_5434195590,Qe0XDnIXPtEh0gAtlbxTmZr4L8Edh938MHWKJlkwTSwCc23pFBHcdB3VlYrcTeqOwjJ1rtqYxKeHuQ,atakhan,1,9,,,
NA1_5433905499,IdnsZdpDEyit6jZBPvmonfzr06EYgvUHOUviwYiTeD2ehOHNv5dHbjWLQUoY7O_nyGah4ar17e0oUw,atakhan,3,9,,,
NA1_5435888654,EdxNKcj0dTtLc0MAHRXU0iMXKVYcqdH8hjKYRaZft1ehmfbVfmhFkRRxsme47EwQrBF82ETUQOf9rQ,atakhan,1,9,,,
NA1_5435888654,FN9Z7Xz7f_NT_vH4K3xROHBJB8xpqIeeNqLk8VB7JUQKVu7vrAZIuzW4qTBGP-J6E1C-eKtUz7hUqA,atakhan,1,9,,,
NA1_5435812533,b34BJMtwhgbvnpHeNuxVaPOslHdLwuCkltailv5vfMt_b7Nbmt7y8b_u8Io_ObUK2GLIemUWPaB4AA,atakhan,1,9,,,
NA1_5435812533,61gztZgU8twFDfq4S24_qpm9pPCse1me_i73iK5E_myLpfTq0OV9Gf_5uxHZVH8I-TKG1C_z_XmTGw,atakhan,1,9,,,
NA1_5433784104,rCuF60r9UTwoKnXXahFWU0uWiSMnIbhFYCF1Fc2S-b_wB9KlTYQZA8aq9AuZVkovq80JHol2WNvsVA,atakhan,2,9,,,
NA1_5433105434,jRVq8Ay7BqTZ9dD0jSODCRQ5Oj2xmYjOl0e2L2cM0XVSwpNJbOaoFL81wVVnH0d7A3XU-yBJRlPu8Q,atakhan,1,9,,,
NA1_5435583043,77i7daN1wDKYqsLG72RxomGK0Yl2NckXBIdFlWBJ90NygYzU9PYE2sC6FHsZkofqO3gS2IKwqHlwZg,atakhan,1,9,,,
NA1_5435591357,DxvvY-DpN80XsSW8WS4a3xz9PrSefaganXCQweemnu5Wgt04gA-ARQ0eZDUhbRVC8vn9Y4Ann2Q8Mw,atakhan,1,9,,,
NA1_5435268519,sk9Tmi2CqxaSG9Y282pWpR57clPPXGLlovFyHf9aqDUKRoFWM1Dth_CZrIYmQY2LYBMBwP7zrgQfOQ,atakhan,1,9,,,
NA1_5435997801,Bhi-gFBZcHOaPIrHOXr-k-I66wXfYyDIT5f4FLF4PP5TfOpQRKPjokJyXX3EpygLS6QsASbOL4ftJg,atakhan,1,9,,,
